{
	"credit": "Made with Blockbench",
	"texture_size": [32, 32],
	"textures": {
		"0": "item/cod_3d",
		"particle": "item/cod"
	},
	"elements": [
		{
			"name": "body",
			"from": [7, 0, 6],
			"to": [9, 4, 13],
			"rotation": {"angle": 0, "axis": "y", "origin": [8, 0, 6]},
			"faces": {
				"east": {"uv": [0, 3.5, 3.5, 5.5], "texture": "#0"},
				"south": {"uv": [8, 3.5, 9, 5.5], "texture": "#0"},
				"west": {"uv": [4.5, 3.5, 8, 5.5], "texture": "#0"},
				"up": {"uv": [4.5, 3.5, 3.5, 0], "texture": "#0"},
				"down": {"uv": [5.5, 0, 4.5, 3.5], "texture": "#0"}
			}
		},
		{
			"name": "right_fin",
			"from": [8.12132, 3.12132, 5],
			"to": [10.12132, 3.12132, 7],
			"rotation": {"angle": -45, "axis": "z", "origin": [6, 1, 6]},
			"faces": {
				"north": {"uv": [13, 1.5, 14, 1.5], "texture": "#0"},
				"east": {"uv": [12, 1.5, 13, 1.5], "texture": "#0"},
				"south": {"uv": [15, 1.5, 16, 1.5], "texture": "#0"},
				"west": {"uv": [14, 1.5, 15, 1.5], "texture": "#0"},
				"up": {"uv": [14, 1.5, 13, 0.5], "texture": "#0"},
				"down": {"uv": [14, 0.5, 13, 1.5], "texture": "#0"}
			}
		},
		{
			"name": "left_fin",
			"from": [4.12132, -1.12132, 5],
			"to": [6.12132, -1.12132, 7],
			"rotation": {"angle": 45, "axis": "z", "origin": [4, 1, 6]},
			"faces": {
				"north": {"uv": [13, 3, 14, 3], "texture": "#0"},
				"east": {"uv": [12, 3, 13, 3], "texture": "#0"},
				"south": {"uv": [15, 3, 16, 3], "texture": "#0"},
				"west": {"uv": [14, 3, 15, 3], "texture": "#0"},
				"up": {"uv": [14, 3, 13, 2], "texture": "#0"},
				"down": {"uv": [14, 2, 13, 3], "texture": "#0"}
			}
		},
		{
			"name": "head",
			"from": [7, 0, 3],
			"to": [9, 4, 6],
			"rotation": {"angle": 0, "axis": "y", "origin": [8, 0, 6]},
			"faces": {
				"north": {"uv": [7, 1.5, 8, 3.5], "texture": "#0"},
				"east": {"uv": [5.5, 1.5, 7, 3.5], "texture": "#0"},
				"west": {"uv": [8, 1.5, 9.5, 3.5], "texture": "#0"},
				"up": {"uv": [8, 1.5, 7, 0], "texture": "#0"},
				"down": {"uv": [9, 0, 8, 1.5], "texture": "#0"}
			}
		},
		{
			"name": "nose",
			"from": [7, 1, 2],
			"to": [9, 4, 3],
			"rotation": {"angle": 0, "axis": "y", "origin": [8, 0, 6]},
			"faces": {
				"north": {"uv": [0.5, 0.5, 1.5, 2], "texture": "#0"},
				"east": {"uv": [0, 0.5, 0.5, 2], "texture": "#0"},
				"west": {"uv": [1.5, 0.5, 2, 2], "texture": "#0"},
				"up": {"uv": [1.5, 0.5, 0.5, 0], "texture": "#0"},
				"down": {"uv": [2.5, 0, 1.5, 0.5], "texture": "#0"}
			}
		},
		{
			"name": "fin_back",
			"from": [8, 4, 5],
			"to": [8, 5, 11],
			"rotation": {"angle": 0, "axis": "y", "origin": [8, 0, 6]},
			"faces": {
				"north": {"uv": [13, 0, 13, 0.5], "texture": "#0"},
				"east": {"uv": [16, 0, 13, 0.5], "texture": "#0"},
				"south": {"uv": [16, 0, 16, 0.5], "texture": "#0"},
				"west": {"uv": [13, 0, 16, 0.5], "texture": "#0"},
				"up": {"uv": [13, 0, 13, -3], "texture": "#0"},
				"down": {"uv": [13, -3, 13, 0], "texture": "#0"}
			}
		},
		{
			"name": "tail",
			"from": [8, 0, 13],
			"to": [8, 4, 17],
			"rotation": {"angle": 0, "axis": "y", "origin": [8, 0, 6]},
			"faces": {
				"north": {"uv": [13, 3.5, 13, 5.5], "texture": "#0"},
				"east": {"uv": [15, 3.5, 13, 5.5], "texture": "#0"},
				"south": {"uv": [15, 3.5, 15, 5.5], "texture": "#0"},
				"west": {"uv": [13, 3.5, 15, 5.5], "texture": "#0"},
				"up": {"uv": [13, 3.5, 13, 1.5], "texture": "#0"},
				"down": {"uv": [13, 1.5, 13, 3.5], "texture": "#0"}
			}
		}
	],
	"display": {
		"thirdperson_righthand": {
			"rotation": [135, 0, 180],
			"translation": [0.25, 4, -3.5],
			"scale": [0.75, 0.75, 0.75]
		},
		"thirdperson_lefthand": {
			"rotation": [135, 0, 180],
			"translation": [0.25, 4, -3.5],
			"scale": [0.75, 0.75, 0.75]
		},
		"firstperson_righthand": {
			"rotation": [26, 0, 0],
			"translation": [1.25, 6, 3]
		},
		"firstperson_lefthand": {
			"rotation": [0, -1, -21],
			"translation": [1.5, 9.75, 2.25]
		},
		"ground": {
			"translation": [0, 4.5, 0],
			"scale": [0.75, 0.75, 0.75]
		},
		"gui": {
			"rotation": [25, 135, 0],
			"translation": [-0.75, 5.75, 1],
			"scale": [1.2, 1.2, 1.2]
		},
		"head": {
			"translation": [0, 16, 0],
			"scale": [1.25, 1.25, 1.25]
		},
		"fixed": {
			"rotation": [0, 90, 0],
			"translation": [-1.5, 5.75, 1]
		}
	},
	"groups": [
		{
			"name": "body",
			"origin": [0, 2, 0],
			"color": 0,
			"children": [
				0,
				{
					"name": "right_fin",
					"origin": [1, 1, 0],
					"rotation": [0, 0, -45],
					"color": 0,
					"children": [1]
				},
				{
					"name": "left_fin",
					"origin": [-1, 1, 0],
					"rotation": [0, 0, 45],
					"color": 0,
					"children": [2]
				}
			]
		},
		{
			"name": "head",
			"origin": [0, 2, 0],
			"color": 0,
			"children": [3]
		},
		{
			"name": "nose",
			"origin": [0, 2, -3],
			"color": 0,
			"children": [4]
		},
		{
			"name": "fin_back",
			"origin": [0, 4, 0],
			"color": 0,
			"children": [5]
		},
		{
			"name": "tail",
			"origin": [0, 2, 7],
			"color": 0,
			"children": [6]
		}
	]
}