{
	"credit": "Made with Blockbench",
	"texture_size": [32, 32],
	"textures": {
		"1": "item/cooked_porkchop_3d",
		"particle": "item/cooked_porkchop"
	},
	"elements": [
		{
			"from": [9.401, 1.001, 5.001],
			"to": [10.401, 1.999, 6.001],
			"rotation": {"angle": 45, "axis": "y", "origin": [9, 1, 6]},
			"faces": {
				"north": {"uv": [1.49975, 4, 2, 4.5], "texture": "#1"},
				"east": {"uv": [4.99967, 4, 5.5, 4.5], "texture": "#1"},
				"south": {"uv": [2, 4, 2.50025, 4.5], "texture": "#1"},
				"west": {"uv": [5.5, 3.5, 6.00033, 4], "texture": "#1"},
				"up": {"uv": [7, 2, 7.50025, 2.50033], "texture": "#1"},
				"down": {"uv": [5, 2.99967, 5.50025, 3.5], "texture": "#1"}
			}
		},
		{
			"from": [11.401, 1.001, 5.001],
			"to": [13.399, 1.999, 7.999],
			"rotation": {"angle": 45, "axis": "y", "origin": [9, 1, 6]},
			"faces": {
				"north": {"uv": [0, 4, 0.9995, 4.5], "texture": "#1"},
				"east": {"uv": [4, 4, 5.5, 4.5], "texture": "#1"},
				"south": {"uv": [3.0005, 4, 4, 4.5], "texture": "#1"},
				"west": {"uv": [5.5, 3.5, 7, 4], "texture": "#1"},
				"up": {"uv": [8.0005, 2, 9, 3.5], "texture": "#1"},
				"down": {"uv": [6.0005, 2, 7, 3.5], "texture": "#1"}
			}
		},
		{
			"from": [10.401, 1.001, 5.001],
			"to": [11.401, 1.999, 7.001],
			"rotation": {"angle": 45, "axis": "y", "origin": [9, 1, 6]},
			"faces": {
				"north": {"uv": [0.9995, 4, 1.49975, 4.5], "texture": "#1"},
				"east": {"uv": [4.49933, 4, 5.5, 4.5], "texture": "#1"},
				"south": {"uv": [2.50025, 4, 3.0005, 4.5], "texture": "#1"},
				"west": {"uv": [5.5, 3.5, 6.50067, 4], "texture": "#1"},
				"up": {"uv": [7.50025, 2, 8.0005, 3.00067], "texture": "#1"},
				"down": {"uv": [5.50025, 2.49933, 6.0005, 3.5], "texture": "#1"}
			}
		}
	],
	"display": {
		"thirdperson_righthand": {
			"rotation": [-45, 0, 0],
			"translation": [-0.25, 4, -3],
			"scale": [0.7, 0.7, 0.7]
		},
		"thirdperson_lefthand": {
			"rotation": [-45, 0, 0],
			"translation": [0.25, 4, -3],
			"scale": [0.7, 0.7, 0.7]
		},
		"firstperson_righthand": {
			"rotation": [0, 171, -5],
			"translation": [1, 8, 0]
		},
		"firstperson_lefthand": {
			"rotation": [-9, -86, 0],
			"translation": [-2.75, 7.5, 2]
		},
		"ground": {
			"translation": [0, 4.25, 0],
			"scale": [0.75, 0.75, 0.75]
		},
		"gui": {
			"rotation": [30, -45, 0],
			"translation": [-1, 7.75, 0],
			"scale": [1.4, 1.4, 1.4]
		},
		"head": {
			"translation": [-0.75, 17.75, 0.75],
			"scale": [1.5, 1.5, 1.5]
		},
		"fixed": {
			"rotation": [-90, 90, 0],
			"translation": [0.5, 0, -9.25],
			"scale": [1.5, 1.5, 1.5]
		}
	},
	"groups": [
		{
			"name": "cooked_porckchop",
			"origin": [-10, 2, 0],
			"color": 0,
			"children": [0, 1, 2]
		}
	]
}