{
	"format_version": "1.21.6",
	"credit": "Made with Blockbench",
	"textures": {
		"0": "item/eatinganimation/mutton/mutton_eat_1",
		"particle": "item/mutton"
	},
	"elements": [
		{
			"name": "raw_mutton1",
			"from": [6, 0, 7],
			"to": [11, 2, 12],
			"rotation": {"angle": 0, "axis": "y", "origin": [0, 0, -3]},
			"faces": {
				"north": {"uv": [0, 9, 5, 11], "texture": "#0"},
				"east": {"uv": [0, 7, 5, 9], "texture": "#0"},
				"south": {"uv": [5, 9, 10, 11], "texture": "#0"},
				"west": {"uv": [9, 7, 14, 9], "texture": "#0"},
				"up": {"uv": [5, 5, 0, 0], "texture": "#0"},
				"down": {"uv": [10, 0, 5, 5], "texture": "#0"}
			}
		},
		{
			"name": "raw_mutton2",
			"from": [6.5, 0.5, 9],
			"to": [10.5, 1.5, 15],
			"rotation": {"angle": 22.5, "axis": "y", "origin": [8, 0, 9]},
			"faces": {
				"east": {"uv": [0, 12, 6, 13], "texture": "#0"},
				"south": {"uv": [6, 11, 10, 12], "texture": "#0"},
				"west": {"uv": [0, 11, 6, 12], "texture": "#0"},
				"up": {"uv": [10, 0, 14, 6], "texture": "#0"},
				"down": {"uv": [10, 9, 14, 15], "texture": "#0"}
			}
		},
		{
			"name": "beef",
			"from": [6, 0, 6],
			"to": [9, 2, 7],
			"rotation": {"angle": 0, "axis": "y", "origin": [6.5, 1.5, 4.5]},
			"faces": {
				"north": {"uv": [2, 9, 5, 11], "texture": "#0"},
				"east": {"uv": [12, 0, 13, 2], "texture": "#0"},
				"south": {"uv": [12, 2, 15, 4], "texture": "#0"},
				"west": {"uv": [8, 7, 9, 9], "texture": "#0"},
				"up": {"uv": [5, 6, 2, 5], "texture": "#0"},
				"down": {"uv": [10, 5, 7, 6], "texture": "#0"}
			}
		},
		{
			"name": "beef",
			"from": [6, 0, 5],
			"to": [8, 2, 6],
			"rotation": {"angle": 0, "axis": "y", "origin": [5.5, 1.5, 3.5]},
			"faces": {
				"north": {"uv": [3, 9, 5, 11], "texture": "#0"},
				"east": {"uv": [11, 0, 12, 2], "texture": "#0"},
				"south": {"uv": [13, 2, 15, 4], "texture": "#0"},
				"west": {"uv": [8, 7, 7, 9], "texture": "#0"},
				"up": {"uv": [5, 7, 3, 6], "texture": "#0"},
				"down": {"uv": [10, 6, 8, 7], "texture": "#0"}
			}
		}
	],
	"display": {
		"thirdperson_righthand": {
			"rotation": [-45, 0, 0],
			"translation": [-0.25, 3, -4.25],
			"scale": [0.7, 0.7, 0.7]
		},
		"thirdperson_lefthand": {
			"rotation": [-45, 0, 0],
			"translation": [-0.25, 3, -4.25],
			"scale": [0.7, 0.7, 0.7]
		},
		"firstperson_righthand": {
			"rotation": [0, 9, -5],
			"translation": [1.5, 9, -0.5]
		},
		"firstperson_lefthand": {
			"rotation": [-2, 94, -8],
			"translation": [-1.5, 10, 0.75],
			"scale": [0.5, 0.5, 0.5]
		},
		"ground": {
			"translation": [0, 4.5, 0],
			"scale": [0.75, 0.75, 0.75]
		},
		"gui": {
			"rotation": [40, 135, 0],
			"translation": [-0.25, 5.5, 0],
			"scale": [1.4, 1.4, 1.4]
		},
		"head": {
			"rotation": [0, -180, 0],
			"translation": [1, 18.25, 0.75],
			"scale": [1.5, 1.5, 1.5]
		},
		"fixed": {
			"rotation": [-90, -55, 0],
			"translation": [1, -2.75, -9.5],
			"scale": [1.5, 1.5, 1.5]
		}
	},
	"groups": [
		{
			"name": "raw_mutton",
			"origin": [8, 0, 9],
			"color": 0,
			"children": [0, 1]
		},
		2,
		3
	]
}