{
	"format_version": "1.21.6",
	"credit": "Made with Blockbench",
	"texture_size": [32, 32],
	"textures": {
		"1": "item/porkchop_3d",
		"particle": "item/cooked_porkchop"
	},
	"elements": [
		{
			"name": "porkchop",
			"from": [6, 0.5, 5],
			"to": [11, 2.5, 10],
			"rotation": {"angle": 0, "axis": "y", "origin": [8.5, 0.75, 7.5]},
			"faces": {
				"north": {"uv": [5, 1, 7.5, 2], "texture": "#1"},
				"east": {"uv": [1, 4.5, 3.5, 5.5], "texture": "#1"},
				"south": {"uv": [5, 0, 7.5, 1], "texture": "#1"},
				"west": {"uv": [7, 4.5, 4.5, 5.5], "texture": "#1"},
				"up": {"uv": [2.5, 0, 0, 2.5], "texture": "#1"},
				"down": {"uv": [5, 1, 2.5, 3.5], "texture": "#1"}
			}
		},
		{
			"from": [9.401, 1.001, 5.001],
			"to": [13.399, 1.999, 7.999],
			"rotation": {"angle": 45, "axis": "y", "origin": [9, 1, 6]},
			"faces": {
				"north": {"uv": [0, 4, 2, 4.5], "texture": "#1"},
				"east": {"uv": [4, 4, 5.5, 4.5], "texture": "#1"},
				"south": {"uv": [2, 4, 4, 4.5], "texture": "#1"},
				"west": {"uv": [5.5, 3.5, 7, 4], "texture": "#1"},
				"up": {"uv": [7, 2, 9, 3.5], "texture": "#1"},
				"down": {"uv": [5, 2, 7, 3.5], "texture": "#1"}
			}
		},
		{
			"name": "porkchop",
			"from": [9, 0.5, 11],
			"to": [11, 2.5, 12],
			"rotation": {"angle": 0, "axis": "y", "origin": [8.5, 0.75, 7.5]},
			"faces": {
				"north": {"uv": [5, 1, 6, 2], "texture": "#1"},
				"east": {"uv": [0, 4.5, 0.5, 5.5], "texture": "#1"},
				"south": {"uv": [6.5, 0, 7.5, 1], "texture": "#1"},
				"west": {"uv": [4, 4.5, 3.5, 5.5], "texture": "#1"},
				"up": {"uv": [1, 3, 0, 3.5], "texture": "#1"},
				"down": {"uv": [3.5, 0, 2.5, 0.5], "texture": "#1"}
			}
		},
		{
			"name": "porkchop",
			"from": [8, 0.5, 10],
			"to": [11, 2.5, 11],
			"rotation": {"angle": 0, "axis": "y", "origin": [8.5, 0.75, 7.5]},
			"faces": {
				"north": {"uv": [5, 1, 6.5, 2], "texture": "#1"},
				"east": {"uv": [0.5, 4.5, 1, 5.5], "texture": "#1"},
				"south": {"uv": [6, 0, 7.5, 1], "texture": "#1"},
				"west": {"uv": [4.5, 4.5, 4, 5.5], "texture": "#1"},
				"up": {"uv": [1.5, 2.5, 0, 3], "texture": "#1"},
				"down": {"uv": [4, 0.5, 2.5, 1], "texture": "#1"}
			}
		}
	],
	"display": {
		"thirdperson_righthand": {
			"rotation": [-45, 0, 0],
			"translation": [-0.25, 4, -3],
			"scale": [0.7, 0.7, 0.7]
		},
		"thirdperson_lefthand": {
			"rotation": [-45, 0, 0],
			"translation": [0.25, 4, -3],
			"scale": [0.7, 0.7, 0.7]
		},
		"firstperson_righthand": {
			"rotation": [0, 171, -8],
			"translation": [0.75, 8, 0]
		},
		"firstperson_lefthand": {
			"rotation": [-9, -86, 0],
			"translation": [3.25, 7.5, 0.75]
		},
		"ground": {
			"translation": [0, 4.25, 0],
			"scale": [0.75, 0.75, 0.75]
		},
		"gui": {
			"rotation": [30, -45, 0],
			"translation": [-1, 7.75, 0],
			"scale": [1.4, 1.4, 1.4]
		},
		"head": {
			"translation": [-0.75, 17.75, 0.75],
			"scale": [1.5, 1.5, 1.5]
		},
		"fixed": {
			"rotation": [-90, 90, 0],
			"translation": [0.5, 0, -9.25],
			"scale": [1.5, 1.5, 1.5]
		}
	},
	"groups": [
		{
			"name": "cooked_porckchop",
			"origin": [-10, 2, 0],
			"color": 0,
			"children": [0, 1, 2, 3]
		}
	]
}