{
	"credit": "Made with Blockbench",
	"textures": {
		"0": "item/eatinganimation/cooked_mutton/cooked_mutton_eat_4",
		"particle": "item/mutton"
	},
	"elements": [
		{
			"name": "raw_mutton2",
			"from": [7.85593, 0.5, 12.34703],
			"to": [11.85593, 1.5, 14.34703],
			"rotation": {"angle": 22.5, "axis": "y", "origin": [10.35593, 1, 12.09703]},
			"faces": {
				"north": {"uv": [6, 12, 10, 13], "texture": "#0"},
				"east": {"uv": [0, 11, 2, 12], "texture": "#0"},
				"south": {"uv": [6, 11, 10, 12], "texture": "#0"},
				"west": {"uv": [4, 11, 6, 12], "texture": "#0"},
				"up": {"uv": [10, 4, 14, 6], "texture": "#0"},
				"down": {"uv": [10, 10, 14, 12], "texture": "#0"}
			}
		},
		{
			"name": "raw_mutton3",
			"from": [9.85593, 0.5, 10.34703],
			"to": [11.85593, 1.5, 11.34703],
			"rotation": {"angle": 22.5, "axis": "y", "origin": [10.35593, 1, 12.09703]},
			"faces": {
				"north": {"uv": [6, 14, 8, 15], "texture": "#0"},
				"east": {"uv": [3, 11, 4, 12], "texture": "#0"},
				"south": {"uv": [6, 11, 10, 12], "texture": "#0"},
				"west": {"uv": [2, 11, 3, 12], "texture": "#0"},
				"up": {"uv": [12, 2, 14, 3], "texture": "#0"},
				"down": {"uv": [12, 13, 14, 14], "texture": "#0"}
			}
		},
		{
			"name": "raw_mutton4",
			"from": [8.85593, 0.5, 11.34703],
			"to": [11.85593, 1.5, 12.34703],
			"rotation": {"angle": 22.5, "axis": "y", "origin": [10.35593, 1, 12.09703]},
			"faces": {
				"north": {"uv": [6, 15, 9, 16], "texture": "#0"},
				"east": {"uv": [2, 11, 3, 12], "texture": "#0"},
				"south": {"uv": [6, 11, 10, 12], "texture": "#0"},
				"west": {"uv": [3, 11, 4, 12], "texture": "#0"},
				"up": {"uv": [11, 3, 14, 4], "texture": "#0"},
				"down": {"uv": [11, 12, 14, 13], "texture": "#0"}
			}
		}
	],
	"display": {
		"thirdperson_righthand": {
			"rotation": [-45, 0, 0],
			"translation": [-0.25, 3, -4.25],
			"scale": [0.7, 0.7, 0.7]
		},
		"thirdperson_lefthand": {
			"rotation": [-45, 0, 0],
			"translation": [-0.25, 3, -4.25],
			"scale": [0.7, 0.7, 0.7]
		},
		"firstperson_righthand": {
			"rotation": [0, 9, -5],
			"translation": [1.5, 9, -0.5]
		},
		"firstperson_lefthand": {
			"rotation": [-2, 94, -8],
			"translation": [-4, 10, 0.75],
			"scale": [0.5, 0.5, 0.5]
		},
		"ground": {
			"translation": [0, 4.5, 0],
			"scale": [0.75, 0.75, 0.75]
		},
		"gui": {
			"rotation": [40, 135, 0],
			"translation": [-0.25, 5.5, 0],
			"scale": [1.4, 1.4, 1.4]
		},
		"head": {
			"rotation": [0, 180, 0],
			"translation": [1, 18.25, 0.75],
			"scale": [1.5, 1.5, 1.5]
		},
		"fixed": {
			"rotation": [-90, -55, 0],
			"translation": [1, -2.75, -9.5],
			"scale": [1.5, 1.5, 1.5]
		}
	},
	"groups": [
		{
			"name": "raw_mutton",
			"origin": [8, 0, 9],
			"color": 0,
			"children": [0, 1, 2]
		}
	]
}