{
	"credit": "Made with Blockbench",
	"textures": {
		"0": "item/eatinganimation/cooked_mutton/cooked_mutton_eat_3",
		"particle": "item/cooked_mutton"
	},
	"elements": [
		{
			"name": "raw_mutton2",
			"from": [6.5, 0.5, 12],
			"to": [10.5, 1.5, 15],
			"rotation": {"angle": 22.5, "axis": "y", "origin": [8, 0, 9]},
			"faces": {
				"north": {"uv": [6, 12, 10, 13], "texture": "#0"},
				"east": {"uv": [0, 12, 3, 13], "texture": "#0"},
				"south": {"uv": [6, 11, 10, 12], "texture": "#0"},
				"west": {"uv": [3, 11, 6, 12], "texture": "#0"},
				"up": {"uv": [10, 3, 14, 6], "texture": "#0"},
				"down": {"uv": [10, 9, 14, 12], "texture": "#0"}
			}
		},
		{
			"name": "raw_mutton3",
			"from": [6.5, 0.5, 11],
			"to": [7.5, 1.5, 12],
			"rotation": {"angle": 22.5, "axis": "y", "origin": [8, 0, 9]},
			"faces": {
				"north": {"uv": [6, 12, 10, 13], "texture": "#0"},
				"east": {"uv": [3, 11, 4, 12], "texture": "#0"},
				"south": {"uv": [6, 11, 10, 12], "texture": "#0"},
				"west": {"uv": [5, 11, 6, 12], "texture": "#0"},
				"up": {"uv": [13, 2, 14, 3], "texture": "#0"},
				"down": {"uv": [13, 12, 14, 13], "texture": "#0"}
			}
		},
		{
			"name": "raw_mutton1",
			"from": [6, 0, 11],
			"to": [11, 2, 12],
			"rotation": {"angle": 0, "axis": "y", "origin": [0, 0, -3]},
			"faces": {
				"north": {"uv": [0, 9, 5, 11], "texture": "#0"},
				"east": {"uv": [0, 7, 1, 9], "texture": "#0"},
				"south": {"uv": [5, 9, 10, 11], "texture": "#0"},
				"west": {"uv": [13, 7, 14, 9], "texture": "#0"},
				"up": {"uv": [5, 1, 0, 0], "texture": "#0"},
				"down": {"uv": [10, 0, 5, 1], "texture": "#0"}
			}
		},
		{
			"name": "beef",
			"from": [6, 0, 9],
			"to": [8, 2, 10],
			"rotation": {"angle": 0, "axis": "y", "origin": [5.5, 1.5, 7.5]},
			"faces": {
				"north": {"uv": [3, 9, 5, 11], "texture": "#0"},
				"east": {"uv": [4, 7, 5, 9], "texture": "#0"},
				"south": {"uv": [13, 2, 15, 4], "texture": "#0"},
				"west": {"uv": [12, 0, 11, 2], "texture": "#0"},
				"up": {"uv": [5, 3, 3, 2], "texture": "#0"},
				"down": {"uv": [7, 4, 5, 5], "texture": "#0"}
			}
		},
		{
			"name": "beef",
			"from": [6, 0, 10],
			"to": [9, 2, 11],
			"rotation": {"angle": 0, "axis": "y", "origin": [6.5, 1.5, 8.5]},
			"faces": {
				"north": {"uv": [2, 9, 5, 11], "texture": "#0"},
				"east": {"uv": [3, 7, 4, 9], "texture": "#0"},
				"south": {"uv": [12, 2, 15, 4], "texture": "#0"},
				"west": {"uv": [12, 0, 13, 2], "texture": "#0"},
				"up": {"uv": [5, 2, 2, 1], "texture": "#0"},
				"down": {"uv": [8, 3, 5, 4], "texture": "#0"}
			}
		}
	],
	"display": {
		"thirdperson_righthand": {
			"rotation": [-45, 0, 0],
			"translation": [-0.25, 3, -4.25],
			"scale": [0.7, 0.7, 0.7]
		},
		"thirdperson_lefthand": {
			"rotation": [-45, 0, 0],
			"translation": [-0.25, 3, -4.25],
			"scale": [0.7, 0.7, 0.7]
		},
		"firstperson_righthand": {
			"rotation": [0, 9, -5],
			"translation": [1.5, 9, -0.5]
		},
		"firstperson_lefthand": {
			"rotation": [-2, 94, -8],
			"translation": [-3.5, 10, 0.75],
			"scale": [0.5, 0.5, 0.5]
		},
		"ground": {
			"translation": [0, 4.5, 0],
			"scale": [0.75, 0.75, 0.75]
		},
		"gui": {
			"rotation": [40, 135, 0],
			"translation": [-0.25, 5.5, 0],
			"scale": [1.4, 1.4, 1.4]
		},
		"head": {
			"rotation": [0, 180, 0],
			"translation": [1, 18.25, 0.75],
			"scale": [1.5, 1.5, 1.5]
		},
		"fixed": {
			"rotation": [-90, -55, 0],
			"translation": [1, -2.75, -9.5],
			"scale": [1.5, 1.5, 1.5]
		}
	},
	"groups": [
		{
			"name": "raw_mutton",
			"origin": [8, 0, 9],
			"color": 0,
			"children": [0, 1, 2, 3, 4]
		}
	]
}