{
	"format_version": "1.21.6",
	"credit": "Made with Blockbench",
	"texture_size": [32, 32],
	"textures": {
		"0": "item/eatinganimation/sweet_berries/sweet_berries_eat_3",
		"particle": "item/food_particles/sweet_berries"
	},
	"elements": [
		{
			"name": "stick1",
			"from": [7, 3, 8],
			"to": [8, 10, 9],
			"rotation": {"angle": 22.5, "axis": "x", "origin": [7, 3, 8]},
			"faces": {
				"north": {"uv": [0, 6, 0.5, 9.5], "texture": "#0"},
				"east": {"uv": [6, 0, 6.5, 3.5], "texture": "#0"},
				"south": {"uv": [0.5, 6, 1, 9.5], "texture": "#0"},
				"west": {"uv": [1, 6, 1.5, 9.5], "texture": "#0"},
				"up": {"uv": [7.5, 7.5, 7, 7], "texture": "#0"}
			}
		},
		{
			"name": "stick2",
			"from": [7.01, 0.01, 8.01],
			"to": [7.99, 2.99, 8.99],
			"rotation": {"angle": 0, "axis": "y", "origin": [7, 0, 8]},
			"faces": {
				"north": {"uv": [5.5, 6, 6, 7.5], "texture": "#0"},
				"east": {"uv": [6, 5.5, 6.5, 7], "texture": "#0"},
				"south": {"uv": [6.5, 0, 7, 1.5], "texture": "#0"},
				"west": {"uv": [6.5, 1.5, 7, 3], "texture": "#0"},
				"up": {"uv": [7, 3.5, 6.5, 3], "texture": "#0"},
				"down": {"uv": [7.5, 6.5, 7, 7], "texture": "#0"}
			}
		},
		{
			"name": "leaf1_middle",
			"from": [7.4999, 2.9999, 4.9999],
			"to": [7.5001, 6.0001, 9.0001],
			"rotation": {"angle": 0, "axis": "x", "origin": [7, 3, 8]},
			"faces": {
				"east": {"uv": [8, 0, 10, 1.5], "texture": "#0"},
				"west": {"uv": [8, 1.5, 10, 3], "texture": "#0"}
			}
		},
		{
			"name": "leaf2_middle",
			"from": [7.4999, 4.9999, 9.4999],
			"to": [7.5001, 8.0001, 13.5001],
			"rotation": {"angle": 22.5, "axis": "x", "origin": [7, 4, 12]},
			"faces": {
				"east": {"uv": [1, 0, 3, 1.5], "texture": "#0"},
				"west": {"uv": [1, 1.5, 3, 3], "texture": "#0"}
			}
		}
	],
	"display": {
		"thirdperson_righthand": {
			"rotation": [2, 0, 0],
			"translation": [0.5, 5.5, -0.5],
			"scale": [0.75, 0.75, 0.75]
		},
		"thirdperson_lefthand": {
			"rotation": [2, 0, 0],
			"translation": [-0.25, 5.5, -0.5],
			"scale": [0.75, 0.75, 0.75]
		},
		"firstperson_righthand": {
			"rotation": [-35, -64, 0],
			"translation": [1.75, 4.75, -2],
			"scale": [0.75, 0.75, 0.75]
		},
		"firstperson_lefthand": {
			"rotation": [0, 9, -33],
			"translation": [-0.75, 9.5, 0.25],
			"scale": [0.75, 0.75, 0.75]
		},
		"ground": {
			"rotation": [-90, 90, 0],
			"translation": [-1.5, -1, -2.25],
			"scale": [0.75, 0.75, 0.75]
		},
		"gui": {
			"rotation": [-87, -14, -122],
			"translation": [2.75, -1.75, 0],
			"scale": [1.25, 1.25, 1.25]
		},
		"head": {
			"rotation": [0, 0, 90],
			"translation": [-2.25, 7, -1.25]
		},
		"fixed": {
			"rotation": [-90, 18, 90],
			"translation": [-4, -1.25, 0],
			"scale": [1.5, 1.5, 1.5]
		}
	},
	"groups": [
		{
			"name": "sweet_berries",
			"origin": [0, 0, 0],
			"color": 0,
			"children": [
				{
					"name": "stick",
					"origin": [0, 0, 0],
					"color": 0,
					"children": [0, 1]
				},
				{
					"name": "leaf1",
					"origin": [0, 3, 0],
					"color": 0,
					"children": [2]
				},
				{
					"name": "leaf2",
					"origin": [0, 5, 4],
					"color": 0,
					"children": [3]
				},
				{
					"name": "berries",
					"origin": [0, 5, 4],
					"color": 0,
					"children": []
				}
			]
		}
	]
}