{
	"credit": "Made with Blockbench",
	"texture_size": [32, 32],
	"textures": {
		"0": "item/eatinganimation/bread/bread_eat_3",
		"particle": "item/bread"
	},
	"elements": [
		{
			"from": [5, 1, 6.5],
			"to": [7, 4, 8.5],
			"rotation": {"angle": 0, "axis": "y", "origin": [8, 2.5, 8]},
			"faces": {
				"north": {"uv": [8, 3, 9, 4.5], "texture": "#0"},
				"east": {"uv": [2.5, 6, 3.5, 7.5], "texture": "#0"},
				"south": {"uv": [6, 1.5, 7, 3], "texture": "#0"},
				"west": {"uv": [8, 0, 9, 1.5], "texture": "#0"},
				"up": {"uv": [3.5, 1, 2.5, 0], "rotation": 90, "texture": "#0"},
				"down": {"uv": [3.5, 3, 2.5, 4], "rotation": 270, "texture": "#0"}
			}
		},
		{
			"from": [7, 1, 7.5],
			"to": [9, 4, 8.5],
			"rotation": {"angle": 0, "axis": "y", "origin": [8, 2.5, 8]},
			"faces": {
				"north": {"uv": [7, 3, 8, 4.5], "texture": "#0"},
				"east": {"uv": [2.5, 6, 3, 7.5], "texture": "#0"},
				"south": {"uv": [7, 1.5, 8, 3], "texture": "#0"},
				"west": {"uv": [8.5, 0, 9, 1.5], "texture": "#0"},
				"up": {"uv": [3, 2, 2.5, 1], "rotation": 90, "texture": "#0"},
				"down": {"uv": [3, 4, 2.5, 5], "rotation": 270, "texture": "#0"}
			}
		},
		{
			"from": [5, 1, 8.5],
			"to": [11, 4, 13.5],
			"rotation": {"angle": 0, "axis": "y", "origin": [8, 2.5, 8]},
			"faces": {
				"north": {"uv": [6, 3, 9, 4.5], "texture": "#0"},
				"east": {"uv": [0, 6, 2.5, 7.5], "texture": "#0"},
				"south": {"uv": [6, 1.5, 9, 3], "texture": "#0"},
				"west": {"uv": [9, 0, 11.5, 1.5], "texture": "#0"},
				"up": {"uv": [2.5, 3, 0, 0], "rotation": 90, "texture": "#0"},
				"down": {"uv": [2.5, 3, 0, 6], "rotation": 270, "texture": "#0"}
			}
		}
	],
	"display": {
		"thirdperson_righthand": {
			"rotation": [-45, 90, 0],
			"translation": [0, 3.75, -2.25],
			"scale": [0.6, 0.6, 0.6]
		},
		"thirdperson_lefthand": {
			"rotation": [-45, 90, 0],
			"translation": [0, 3.75, -2.25],
			"scale": [0.6, 0.6, 0.6]
		},
		"firstperson_righthand": {
			"rotation": [30, -11, 0],
			"translation": [1.25, 5.25, 3.25]
		},
		"firstperson_lefthand": {
			"rotation": [-8, 95, 0],
			"translation": [1.75, 6.25, 0.5]
		},
		"ground": {
			"translation": [0, 3.5, 0],
			"scale": [0.75, 0.75, 0.75]
		},
		"gui": {
			"rotation": [30, 45, 0],
			"translation": [0.5, 4.75, 0],
			"scale": [1.1, 1.1, 1.1]
		},
		"head": {
			"translation": [0, 13.25, 0]
		},
		"fixed": {
			"rotation": [-90, 0, 0],
			"translation": [0.5, 0, -5.25],
			"scale": [1.25, 1.25, 1.25]
		}
	}
}