{
	"credit": "Made with Blockbench",
	"texture_size": [32, 32],
	"textures": {
		"0": "item/eatinganimation/beetroot/beetroot_eat_1",
		"particle": "item/beetroot"
	},
	"elements": [
		{
			"name": "stem1",
			"from": [5.9999, 0.9999, 1.4999],
			"to": [11.0001, 1.0001, 5.5001],
			"rotation": {"angle": -45, "axis": "z", "origin": [8.5, 1, 3.5]},
			"faces": {
				"up": {"uv": [7.5, 4, 10, 2], "rotation": 180, "texture": "#0"},
				"down": {"uv": [7.5, 2, 10, 0], "texture": "#0"}
			}
		},
		{
			"name": "stem2",
			"from": [5.9999, 0.9999, 1.4999],
			"to": [11.0001, 1.0001, 5.5001],
			"rotation": {"angle": 45, "axis": "z", "origin": [8.5, 1, 3.5]},
			"faces": {
				"up": {"uv": [7.5, 2, 10, 0], "rotation": 180, "texture": "#0"},
				"down": {"uv": [7.5, 4, 10, 2], "texture": "#0"}
			}
		},
		{
			"name": "bulb1",
			"from": [6, -1.5, 5.5],
			"to": [11, 3.5, 6.5],
			"rotation": {"angle": 0, "axis": "y", "origin": [-1, 10.5, 10.5]},
			"faces": {
				"north": {"uv": [0, 7.5, 2.5, 5], "texture": "#0"},
				"east": {"uv": [0, 3, 2.5, 2.5], "rotation": 270, "texture": "#0"},
				"south": {"uv": [5, 0, 7.5, 2.5], "rotation": 180, "texture": "#0"},
				"west": {"uv": [2.5, 3, 5, 2.5], "rotation": 90, "texture": "#0"},
				"up": {"uv": [0, 0.5, 2.5, 0], "rotation": 180, "texture": "#0"},
				"down": {"uv": [2.5, 0.5, 5, 0], "texture": "#0"}
			}
		}
	],
	"display": {
		"thirdperson_righthand": {
			"rotation": [45, 45, 0],
			"translation": [-0.25, 0.75, -1],
			"scale": [0.5, 0.5, 0.5]
		},
		"thirdperson_lefthand": {
			"rotation": [45, 45, 0],
			"translation": [0, 0.75, -1],
			"scale": [0.5, 0.5, 0.5]
		},
		"firstperson_righthand": {
			"rotation": [69, 180, 180],
			"translation": [1, 0.75, -1.75],
			"scale": [0.5, 0.5, 0.5]
		},
		"firstperson_lefthand": {
			"rotation": [-16, -85, -8],
			"translation": [-3.75, 10, 0.75],
			"scale": [0.5, 0.5, 0.5]
		},
		"ground": {
			"translation": [0, 2.5, 0],
			"scale": [0.5, 0.5, 0.5]
		},
		"gui": {
			"rotation": [27, 17, -36],
			"translation": [0, 0.75, 0],
			"scale": [1.2, 1.2, 1.2]
		},
		"head": {
			"translation": [0, 7, 0]
		},
		"fixed": {
			"translation": [0, 0, 0.25],
			"scale": [1.25, 1.25, 1.25]
		}
	},
	"groups": [
		{
			"name": "beetroot",
			"origin": [8.5, 12, 8.5],
			"color": 0,
			"children": [
				{
					"name": "stem",
					"origin": [8.5, 12, 8.5],
					"color": 0,
					"children": [0, 1]
				},
				{
					"name": "bulb",
					"origin": [-1, 4, -1],
					"color": 0,
					"children": [2]
				}
			]
		}
	]
}