{
	"credit": "Made with Blockbench",
	"texture_size": [32, 32],
	"textures": {
		"1": "item/eatinganimation/beef/beef_eat_1",
		"particle": "item/beef"
	},
	"elements": [
		{
			"name": "beef",
			"from": [8, 0.5, 10],
			"to": [11, 2.5, 11],
			"rotation": {"angle": 0, "axis": "y", "origin": [8.5, 1.5, 8.5]},
			"faces": {
				"north": {"uv": [5, 0, 7.5, 1], "texture": "#1"},
				"east": {"uv": [0.5, 4.5, 1, 5.5], "texture": "#1"},
				"south": {"uv": [6, 1, 7.5, 2], "texture": "#1"},
				"west": {"uv": [7.5, 4.5, 8, 5.5], "texture": "#1"},
				"up": {"uv": [1.5, 1, 0, 0.5], "texture": "#1"},
				"down": {"uv": [4, 0.5, 2.5, 1], "texture": "#1"}
			}
		},
		{
			"name": "beef",
			"from": [6, 0.5, 3],
			"to": [11, 2.5, 10],
			"rotation": {"angle": 0, "axis": "y", "origin": [8.5, 1.5, 7.5]},
			"faces": {
				"north": {"uv": [5, 0, 7.5, 1], "texture": "#1"},
				"east": {"uv": [1, 4.5, 4.5, 5.5], "texture": "#1"},
				"south": {"uv": [5, 1, 7.5, 2], "texture": "#1"},
				"west": {"uv": [4.5, 4.5, 8, 5.5], "texture": "#1"},
				"up": {"uv": [2.5, 4.5, 0, 1], "texture": "#1"},
				"down": {"uv": [5, 1, 2.5, 4.5], "texture": "#1"}
			}
		},
		{
			"name": "beef",
			"from": [9, 0.5, 11],
			"to": [11, 2.5, 12],
			"rotation": {"angle": 0, "axis": "y", "origin": [8.5, 1.5, 9.5]},
			"faces": {
				"north": {"uv": [5, 0, 7.5, 1], "texture": "#1"},
				"east": {"uv": [0, 4.5, 0.5, 5.5], "texture": "#1"},
				"south": {"uv": [6.5, 1, 7.5, 2], "texture": "#1"},
				"west": {"uv": [8.5, 4.5, 8, 5.5], "texture": "#1"},
				"up": {"uv": [1, 0.5, 0, 0], "texture": "#1"},
				"down": {"uv": [5, 0, 4, 0.5], "texture": "#1"}
			}
		}
	],
	"display": {
		"thirdperson_righthand": {
			"rotation": [-45, 0, 0],
			"translation": [-0.25, 4, -3],
			"scale": [0.7, 0.7, 0.7]
		},
		"thirdperson_lefthand": {
			"rotation": [-45, 0, 0],
			"translation": [0.25, 4, -3],
			"scale": [0.7, 0.7, 0.7]
		},
		"firstperson_righthand": {
			"rotation": [-160, 0, 90],
			"translation": [-5.25, 3, -0.5]
		},
		"firstperson_lefthand": {
			"rotation": [-16, -85, -8],
			"translation": [-1, 10, 0.75],
			"scale": [0.5, 0.5, 0.5]
		},
		"ground": {
			"translation": [0, 4.25, 0],
			"scale": [0.75, 0.75, 0.75]
		},
		"gui": {
			"rotation": [40, -45, 0],
			"translation": [-1, 5.75, 0],
			"scale": [1.4, 1.4, 1.4]
		},
		"head": {
			"translation": [-0.75, 17.75, 0.75],
			"scale": [1.5, 1.5, 1.5]
		},
		"fixed": {
			"rotation": [-90, 90, 0],
			"translation": [0.5, 0, -9.25],
			"scale": [1.5, 1.5, 1.5]
		}
	},
	"groups": [
		{
			"name": "beef",
			"origin": [-10, 2, 0],
			"color": 0,
			"children": [0, 1, 2]
		}
	]
}