{
	"format_version": "1.21.6",
	"credit": "Made with Blockbench",
	"texture_size": [32, 32],
	"textures": {
		"0": "item/cod_3d",
		"2": "item/plated_food/plate_3d",
		"particle": "item/cod"
	},
	"elements": [
		{
			"name": "tail",
			"from": [6, 2, 12.25],
			"to": [10, 2, 16.25],
			"rotation": {"angle": 0, "axis": "y", "origin": [10, 2, 5.25]},
			"faces": {
				"north": {"uv": [13, 3.5, 13, 5.5], "rotation": 90, "texture": "#0"},
				"east": {"uv": [13, 1.5, 13, 3.5], "rotation": 270, "texture": "#0"},
				"south": {"uv": [15, 3.5, 15, 5.5], "rotation": 270, "texture": "#0"},
				"west": {"uv": [13, 3.5, 13, 1.5], "rotation": 270, "texture": "#0"},
				"up": {"uv": [15, 3.5, 13, 5.5], "rotation": 270, "texture": "#0"},
				"down": {"uv": [13, 3.5, 15, 5.5], "rotation": 270, "texture": "#0"}
			}
		},
		{
			"name": "body",
			"from": [6, 1, 5.25],
			"to": [10, 3, 12.25],
			"rotation": {"angle": 0, "axis": "y", "origin": [10, 2, 5.25]},
			"faces": {
				"east": {"uv": [5.5, 0, 4.5, 3.5], "rotation": 270, "texture": "#0"},
				"south": {"uv": [8, 3.5, 9, 5.5], "rotation": 270, "texture": "#0"},
				"west": {"uv": [4.5, 3.5, 3.5, 0], "rotation": 270, "texture": "#0"},
				"up": {"uv": [0, 3.5, 3.5, 5.5], "rotation": 270, "texture": "#0"},
				"down": {"uv": [4.5, 3.5, 8, 5.5], "rotation": 270, "texture": "#0"}
			}
		},
		{
			"name": "right_fin",
			"from": [5.87868, 2.53553, 4.25],
			"to": [5.87868, 4.53553, 6.25],
			"rotation": {"angle": -45, "axis": "z", "origin": [8, -1, 5.25]},
			"faces": {
				"north": {"uv": [13, 1.5, 14, 1.5], "rotation": 90, "texture": "#0"},
				"east": {"uv": [14, 0.5, 13, 1.5], "rotation": 270, "texture": "#0"},
				"south": {"uv": [15, 1.5, 16, 1.5], "rotation": 270, "texture": "#0"},
				"west": {"uv": [14, 1.5, 13, 0.5], "rotation": 270, "texture": "#0"},
				"up": {"uv": [12, 1.5, 13, 1.5], "rotation": 270, "texture": "#0"},
				"down": {"uv": [14, 1.5, 15, 1.5], "rotation": 270, "texture": "#0"}
			}
		},
		{
			"name": "head",
			"from": [6, 1, 2.25],
			"to": [10, 3, 5.25],
			"rotation": {"angle": 0, "axis": "y", "origin": [10, 2, 5.25]},
			"faces": {
				"north": {"uv": [7, 1.5, 8, 3.5], "rotation": 90, "texture": "#0"},
				"east": {"uv": [9, 0, 8, 1.5], "rotation": 270, "texture": "#0"},
				"west": {"uv": [8, 1.5, 7, 0], "rotation": 270, "texture": "#0"},
				"up": {"uv": [5.5, 1.5, 7, 3.5], "rotation": 270, "texture": "#0"},
				"down": {"uv": [8, 1.5, 9.5, 3.5], "rotation": 270, "texture": "#0"}
			}
		},
		{
			"name": "nose",
			"from": [6, 1, 1.25],
			"to": [9, 3, 2.25],
			"rotation": {"angle": 0, "axis": "y", "origin": [10, 2, 5.25]},
			"faces": {
				"north": {"uv": [0.5, 0.5, 1.5, 2], "rotation": 90, "texture": "#0"},
				"east": {"uv": [2.5, 0, 1.5, 0.5], "rotation": 270, "texture": "#0"},
				"west": {"uv": [1.5, 0.5, 0.5, 0], "rotation": 270, "texture": "#0"},
				"up": {"uv": [0, 0.5, 0.5, 2], "rotation": 270, "texture": "#0"},
				"down": {"uv": [1.5, 0.5, 2, 2], "rotation": 270, "texture": "#0"}
			}
		},
		{
			"name": "fin_back",
			"from": [5, 2, 4.25],
			"to": [6, 2, 10.25],
			"rotation": {"angle": 0, "axis": "y", "origin": [10, 2, 5.25]},
			"faces": {
				"north": {"uv": [13, 0, 13, 0.5], "rotation": 90, "texture": "#0"},
				"east": {"uv": [13, -3, 13, 0], "rotation": 270, "texture": "#0"},
				"south": {"uv": [16, 0, 16, 0.5], "rotation": 270, "texture": "#0"},
				"west": {"uv": [13, 0, 13, -3], "rotation": 270, "texture": "#0"},
				"up": {"uv": [16, 0, 13, 0.5], "rotation": 270, "texture": "#0"},
				"down": {"uv": [13, 0, 16, 0.5], "rotation": 270, "texture": "#0"}
			}
		},
		{
			"name": "plate",
			"from": [2, 0, 2],
			"to": [14, 1, 14],
			"rotation": {"angle": 0, "axis": "y", "origin": [2, 0, 2]},
			"faces": {
				"north": {"uv": [0, 6, 6, 6.5], "texture": "#2"},
				"east": {"uv": [6, 0, 12, 0.5], "texture": "#2"},
				"south": {"uv": [6, 0.5, 12, 1], "texture": "#2"},
				"west": {"uv": [6, 1, 12, 1.5], "texture": "#2"},
				"up": {"uv": [6, 6, 0, 0], "texture": "#2"},
				"down": {"uv": [6, 1.5, 12, 7.5], "texture": "#2"}
			}
		}
	],
	"display": {
		"thirdperson_righthand": {
			"rotation": [70, 45, 0],
			"translation": [0, 4.5, 2.5],
			"scale": [0.5, 0.5, 0.5]
		},
		"thirdperson_lefthand": {
			"rotation": [70, 45, 0],
			"translation": [0, 4.5, 2.5],
			"scale": [0.5, 0.5, 0.5]
		},
		"firstperson_righthand": {
			"rotation": [0, -128, 0],
			"translation": [0, 6.5, 1.5],
			"scale": [0.6, 0.6, 0.6]
		},
		"firstperson_lefthand": {
			"rotation": [0, -128, 0],
			"translation": [0, 6.5, 1.5],
			"scale": [0.6, 0.6, 0.6]
		},
		"ground": {
			"translation": [0, 4.25, 0],
			"scale": [0.75, 0.75, 0.75]
		},
		"gui": {
			"rotation": [30, -45, 0],
			"translation": [0, 1.75, 0],
			"scale": [0.8, 0.8, 0.8]
		},
		"head": {
			"translation": [0, 14.4, 0]
		},
		"fixed": {
			"rotation": [-90, 90, 0],
			"translation": [0, 0, -14.08],
			"scale": [2.01, 2.01, 2.01]
		}
	},
	"groups": [
		{
			"name": "cod",
			"origin": [0, 2, 6.25],
			"color": 0,
			"children": [
				{
					"name": "tail",
					"origin": [0, 2, 6.25],
					"color": 0,
					"children": [0]
				},
				{
					"name": "body",
					"origin": [0, 2, -0.75],
					"color": 0,
					"children": [
						1,
						{
							"name": "right_fin",
							"origin": [1, 1, -0.75],
							"rotation": [0, 0, -45],
							"color": 0,
							"children": [2]
						}
					]
				},
				{
					"name": "head",
					"origin": [0, 2, -0.75],
					"color": 0,
					"children": [3]
				},
				{
					"name": "nose",
					"origin": [0, 2, -3.75],
					"color": 0,
					"children": [4]
				},
				{
					"name": "fin_back",
					"origin": [0, 4, -0.75],
					"color": 0,
					"children": [5]
				}
			]
		},
		6
	]
}