{
	"format_version": "1.21.6",
	"credit": "Made with Blockbench",
	"texture_size": [32, 32],
	"textures": {
		"1": "item/baked_potato_3d",
		"2": "item/plated_food/plate_3d",
		"particle": "item/baked_potato"
	},
	"elements": [
		{
			"name": "baked_potato1",
			"from": [6.125, 1, 4.625],
			"to": [9.875, 4, 11.375],
			"rotation": {"angle": 0, "axis": "y", "origin": [0.875, 1, -0.625]},
			"faces": {
				"north": {"uv": [5, 0, 7.5, 2], "texture": "#1"},
				"east": {"uv": [0, 4.5, 4.5, 6.5], "texture": "#1"},
				"south": {"uv": [5, 2, 7.5, 4], "texture": "#1"},
				"west": {"uv": [4.5, 4.5, 9, 6.5], "texture": "#1"},
				"up": {"uv": [2.5, 4.5, 0, 0], "texture": "#1"},
				"down": {"uv": [5, 0, 2.5, 4.5], "texture": "#1"}
			}
		},
		{
			"name": "baked_potato2",
			"from": [8.6675, 3.295, 4.6175],
			"to": [10.1825, 4.06, 11.3825],
			"rotation": {"angle": -22.5, "axis": "z", "origin": [9.875, 4, 7.625]},
			"faces": {
				"north": {"uv": [5, 8, 6, 8.5], "texture": "#1"},
				"east": {"uv": [5, 4, 9.5, 4.5], "texture": "#1"},
				"south": {"uv": [6, 8, 7, 8.5], "texture": "#1"},
				"west": {"uv": [2, 6.5, 6.5, 7], "texture": "#1"},
				"up": {"uv": [0, 11, 1, 6.5], "texture": "#1"}
			}
		},
		{
			"name": "baked_potato3",
			"from": [5.8175, 3.295, 4.6175],
			"to": [7.3325, 4.06, 11.3825],
			"rotation": {"angle": 22.5, "axis": "z", "origin": [6.125, 4, 7.625]},
			"faces": {
				"north": {"uv": [7, 8, 8, 8.5], "texture": "#1"},
				"east": {"uv": [7.5, 3.5, 12, 4], "texture": "#1"},
				"south": {"uv": [8, 8, 9, 8.5], "texture": "#1"},
				"west": {"uv": [7, 7.5, 11.5, 8], "texture": "#1"},
				"up": {"uv": [2, 11, 1, 6.5], "texture": "#1"}
			}
		},
		{
			"from": [7.25075, 2.87575, 5.00075],
			"to": [8.74925, 4.37425, 10.99925],
			"rotation": {"angle": 0, "axis": "y", "origin": [6.875, 3.25, 9.125]},
			"faces": {
				"north": {"uv": [3, 8, 4, 9], "texture": "#1"},
				"east": {"uv": [2, 6.5, 5.5, 7.5], "texture": "#1"},
				"south": {"uv": [4, 8, 5, 9], "texture": "#1"},
				"west": {"uv": [5.5, 6.5, 9, 7.5], "texture": "#1"},
				"up": {"uv": [12.5, 7.5, 11.5, 4], "texture": "#1"},
				"down": {"uv": [3, 7.5, 2, 11], "texture": "#1"}
			}
		},
		{
			"name": "plate",
			"from": [2, 0, 2],
			"to": [14, 1, 14],
			"rotation": {"angle": 0, "axis": "y", "origin": [2, 0, 2]},
			"faces": {
				"north": {"uv": [0, 6, 6, 6.5], "texture": "#2"},
				"east": {"uv": [6, 0, 12, 0.5], "texture": "#2"},
				"south": {"uv": [6, 0.5, 12, 1], "texture": "#2"},
				"west": {"uv": [6, 1, 12, 1.5], "texture": "#2"},
				"up": {"uv": [6, 6, 0, 0], "texture": "#2"},
				"down": {"uv": [6, 1.5, 12, 7.5], "texture": "#2"}
			}
		}
	],
	"display": {
		"thirdperson_righthand": {
			"rotation": [70, 45, 0],
			"translation": [0, 4.5, 2.5],
			"scale": [0.5, 0.5, 0.5]
		},
		"thirdperson_lefthand": {
			"rotation": [70, 45, 0],
			"translation": [0, 4.5, 2.5],
			"scale": [0.5, 0.5, 0.5]
		},
		"firstperson_righthand": {
			"rotation": [0, -128, 0],
			"translation": [0, 6.5, 1.5],
			"scale": [0.6, 0.6, 0.6]
		},
		"firstperson_lefthand": {
			"rotation": [0, -128, 0],
			"translation": [0, 6.5, 1.5],
			"scale": [0.6, 0.6, 0.6]
		},
		"ground": {
			"translation": [0, 4.25, 0],
			"scale": [0.75, 0.75, 0.75]
		},
		"gui": {
			"rotation": [30, -45, 0],
			"translation": [0, 1.75, 0],
			"scale": [0.8, 0.8, 0.8]
		},
		"head": {
			"translation": [0, 14.4, 0]
		},
		"fixed": {
			"rotation": [-90, 90, 0],
			"translation": [0, 0, -14.08],
			"scale": [2.01, 2.01, 2.01]
		}
	},
	"groups": [
		{
			"name": "baked_potato",
			"origin": [9.625, 5, 10.125],
			"color": 0,
			"children": [0, 1, 2, 3]
		},
		4
	]
}