{
	"format_version": "1.21.6",
	"credit": "Made with Blockbench",
	"texture_size": [32, 32],
	"textures": {
		"2": "item/cooked_chicken_3d",
		"3": "item/plated_food/plate_3d",
		"particle": "item/food_particles/cooked_chicken"
	},
	"elements": [
		{
			"name": "chest_top",
			"from": [7, 2, 2.55709],
			"to": [9, 4, 3.55709],
			"rotation": {"angle": 0, "axis": "y", "origin": [8, 3, 3.05709]},
			"faces": {
				"north": {"uv": [8, 6, 9, 7], "texture": "#2"},
				"east": {"uv": [5, 9, 5.5, 10], "texture": "#2"},
				"west": {"uv": [9, 4, 9.5, 5], "texture": "#2"},
				"up": {"uv": [9.5, 6, 9, 5], "rotation": 270, "texture": "#2"},
				"down": {"uv": [6, 9, 5.5, 10], "rotation": 90, "texture": "#2"}
			}
		},
		{
			"name": "chest_middle",
			"from": [4.99, 0.99, 3.54709],
			"to": [11.01, 5.01, 10.56709],
			"rotation": {"angle": 0, "axis": "y", "origin": [8, 3, 7.05709]},
			"faces": {
				"north": {"uv": [3.5, 4, 6.5, 6], "texture": "#2"},
				"east": {"uv": [3.5, 2, 7, 4], "texture": "#2"},
				"south": {"uv": [0, 6, 3, 8], "texture": "#2"},
				"west": {"uv": [3.5, 0, 7, 2], "texture": "#2"},
				"up": {"uv": [3.5, 3, 0, 0], "rotation": 270, "texture": "#2"},
				"down": {"uv": [3.5, 3, 0, 6], "rotation": 90, "texture": "#2"}
			}
		},
		{
			"name": "bone1",
			"from": [4.5, 3.5, 12.55709],
			"to": [5.5, 4.5, 13.55709],
			"rotation": {"angle": -22.5, "axis": "x", "origin": [5, 4, 11.55709]},
			"faces": {
				"east": {"uv": [6.5, 9, 7, 9.5], "texture": "#2"},
				"south": {"uv": [9, 6.5, 9.5, 7], "texture": "#2"},
				"west": {"uv": [6, 9, 6.5, 9.5], "texture": "#2"},
				"up": {"uv": [7.5, 9.5, 7, 9], "rotation": 270, "texture": "#2"},
				"down": {"uv": [8, 9, 7.5, 9.5], "rotation": 90, "texture": "#2"}
			}
		},
		{
			"name": "leg1",
			"from": [4, 3, 7.55709],
			"to": [6, 5, 12.55709],
			"rotation": {"angle": -22.5, "axis": "x", "origin": [5, 4, 11.55709]},
			"faces": {
				"north": {"uv": [8.5, 3, 9.5, 4], "texture": "#2"},
				"east": {"uv": [5.5, 6, 8, 7], "texture": "#2"},
				"south": {"uv": [8.5, 7, 9.5, 8], "texture": "#2"},
				"west": {"uv": [3, 6, 5.5, 7], "texture": "#2"},
				"up": {"uv": [9, 5, 6.5, 4], "rotation": 270, "texture": "#2"},
				"down": {"uv": [9, 5, 6.5, 6], "rotation": 90, "texture": "#2"}
			}
		},
		{
			"name": "bone2",
			"from": [10.5, 3.5, 12.55709],
			"to": [11.5, 4.5, 13.55709],
			"rotation": {"angle": -22.5, "axis": "x", "origin": [11, 4, 11.55709]},
			"faces": {
				"east": {"uv": [9, 9, 9.5, 9.5], "texture": "#2"},
				"south": {"uv": [9.5, 0, 10, 0.5], "texture": "#2"},
				"west": {"uv": [8, 9, 8.5, 9.5], "texture": "#2"},
				"up": {"uv": [10, 1, 9.5, 0.5], "rotation": 270, "texture": "#2"},
				"down": {"uv": [10, 1, 9.5, 1.5], "rotation": 90, "texture": "#2"}
			}
		},
		{
			"name": "leg2",
			"from": [10, 3, 7.55709],
			"to": [12, 5, 12.55709],
			"rotation": {"angle": -22.5, "axis": "x", "origin": [11, 4, 11.55709]},
			"faces": {
				"north": {"uv": [8.5, 8, 9.5, 9], "texture": "#2"},
				"east": {"uv": [7, 1, 9.5, 2], "texture": "#2"},
				"south": {"uv": [0, 9, 1, 10], "texture": "#2"},
				"west": {"uv": [7, 0, 9.5, 1], "texture": "#2"},
				"up": {"uv": [9.5, 3, 7, 2], "rotation": 270, "texture": "#2"},
				"down": {"uv": [5.5, 7, 3, 8], "rotation": 90, "texture": "#2"}
			}
		},
		{
			"name": "wing1",
			"from": [4.5021, 2, 4.06023],
			"to": [6.5021, 4, 7.06023],
			"rotation": {"angle": -22.5, "axis": "y", "origin": [5.5021, 3, 5.56023]},
			"faces": {
				"east": {"uv": [5.5, 7, 7, 8], "texture": "#2"},
				"south": {"uv": [2, 9, 3, 10], "texture": "#2"},
				"west": {"uv": [7, 3, 8.5, 4], "texture": "#2"},
				"up": {"uv": [8.5, 8, 7, 7], "rotation": 270, "texture": "#2"},
				"down": {"uv": [1.5, 8, 0, 9], "rotation": 90, "texture": "#2"}
			}
		},
		{
			"name": "wing2",
			"from": [9.4979, 2, 4.06023],
			"to": [11.4979, 4, 7.06023],
			"rotation": {"angle": 22.5, "axis": "y", "origin": [10.4979, 3, 5.56023]},
			"faces": {
				"east": {"uv": [3, 8, 4.5, 9], "texture": "#2"},
				"south": {"uv": [4, 9, 5, 10], "texture": "#2"},
				"west": {"uv": [1.5, 8, 3, 9], "texture": "#2"},
				"up": {"uv": [6, 9, 4.5, 8], "rotation": 270, "texture": "#2"},
				"down": {"uv": [7.5, 8, 6, 9], "rotation": 90, "texture": "#2"}
			}
		},
		{
			"name": "plate",
			"from": [2, 0, 2],
			"to": [14, 1, 14],
			"rotation": {"angle": 0, "axis": "y", "origin": [2, 0, 2]},
			"faces": {
				"north": {"uv": [0, 6, 6, 6.5], "texture": "#3"},
				"east": {"uv": [6, 0, 12, 0.5], "texture": "#3"},
				"south": {"uv": [6, 0.5, 12, 1], "texture": "#3"},
				"west": {"uv": [6, 1, 12, 1.5], "texture": "#3"},
				"up": {"uv": [6, 6, 0, 0], "texture": "#3"},
				"down": {"uv": [6, 1.5, 12, 7.5], "texture": "#3"}
			}
		}
	],
	"display": {
		"thirdperson_righthand": {
			"rotation": [70, 45, 0],
			"translation": [0, 4.5, 2.5],
			"scale": [0.5, 0.5, 0.5]
		},
		"thirdperson_lefthand": {
			"rotation": [70, 45, 0],
			"translation": [0, 4.5, 2.5],
			"scale": [0.5, 0.5, 0.5]
		},
		"firstperson_righthand": {
			"rotation": [0, -128, 0],
			"translation": [0, 6.5, 1.5],
			"scale": [0.6, 0.6, 0.6]
		},
		"firstperson_lefthand": {
			"rotation": [0, -128, 0],
			"translation": [0, 6.5, 1.5],
			"scale": [0.6, 0.6, 0.6]
		},
		"ground": {
			"translation": [0, 4.25, 0],
			"scale": [0.75, 0.75, 0.75]
		},
		"gui": {
			"rotation": [30, -45, 0],
			"translation": [0, 1.75, 0],
			"scale": [0.8, 0.8, 0.8]
		},
		"head": {
			"translation": [0, 14.4, 0]
		},
		"fixed": {
			"rotation": [-90, 90, 0],
			"translation": [0, 0, -14.08],
			"scale": [2.01, 2.01, 2.01]
		}
	},
	"groups": [
		{
			"name": "cooked_chicken",
			"origin": [6.5, 2, 4.05709],
			"color": 0,
			"children": [
				{
					"name": "chest",
					"origin": [0.5, 6, 0.05709],
					"color": 0,
					"children": [0, 1]
				},
				{
					"name": "leg1",
					"origin": [0.5, 0, -0.94291],
					"color": 0,
					"children": [2, 3]
				},
				{
					"name": "leg2",
					"origin": [0.5, 0, 5.05709],
					"color": 0,
					"children": [4, 5]
				},
				{
					"name": "wing1",
					"origin": [6.5, 2, 2.05709],
					"color": 0,
					"children": [6]
				},
				{
					"name": "wing2",
					"origin": [6.5, 2, 4.05709],
					"color": 0,
					"children": [7]
				}
			]
		},
		8
	]
}