{
	"format_version": "1.21.6",
	"credit": "Made with Blockbench",
	"texture_size": [32, 32],
	"textures": {
		"0": "item/eatinganimation/pufferfish/pufferfish_eat_1",
		"particle": "item/pufferfish"
	},
	"elements": [
		{
			"name": "body",
			"from": [4, 1, 3],
			"to": [7, 9, 9],
			"rotation": {"angle": 0, "axis": "y", "origin": [8, 0, 7]},
			"faces": {
				"north": {"uv": [6.5, 4, 8, 8], "texture": "#0"},
				"east": {"uv": [1, 4, 4, 8], "texture": "#0"},
				"south": {"uv": [12, 4, 13.5, 8], "texture": "#0"},
				"west": {"uv": [8, 4, 11, 8], "texture": "#0"},
				"up": {"uv": [8, 4, 6.5, 1], "texture": "#0"},
				"down": {"uv": [12, 1, 10.5, 4], "texture": "#0"}
			}
		},
		{
			"name": "body",
			"from": [7, 1, 3],
			"to": [9, 9, 10],
			"rotation": {"angle": 0, "axis": "y", "origin": [8, 0, 7]},
			"faces": {
				"north": {"uv": [5.5, 4, 6.5, 8], "texture": "#0"},
				"east": {"uv": [0.5, 4, 4, 8], "texture": "#0"},
				"south": {"uv": [13.5, 4, 14.5, 8], "texture": "#0"},
				"west": {"uv": [8, 4, 11.5, 8], "texture": "#0"},
				"up": {"uv": [6.5, 4, 5.5, 0.5], "texture": "#0"},
				"down": {"uv": [10.5, 0.5, 9.5, 4], "texture": "#0"}
			}
		},
		{
			"name": "body",
			"from": [9, 1, 3],
			"to": [12, 9, 11],
			"rotation": {"angle": 0, "axis": "y", "origin": [8, 0, 7]},
			"faces": {
				"north": {"uv": [4, 4, 5.5, 8], "texture": "#0"},
				"east": {"uv": [0, 4, 4, 8], "texture": "#0"},
				"south": {"uv": [14.5, 4, 16, 8], "texture": "#0"},
				"west": {"uv": [8, 4, 12, 8], "texture": "#0"},
				"up": {"uv": [5.5, 4, 4, 0], "texture": "#0"},
				"down": {"uv": [9.5, 0, 8, 4], "texture": "#0"}
			}
		},
		{
			"name": "fin_left",
			"from": [2, 7, 4.01],
			"to": [4, 8, 6.01],
			"rotation": {"angle": 0, "axis": "y", "origin": [8, 0, 7]},
			"faces": {
				"north": {"uv": [13, 2.5, 14, 3], "texture": "#0"},
				"east": {"uv": [12, 2.5, 13, 3], "texture": "#0"},
				"south": {"uv": [15, 2.5, 16, 3], "texture": "#0"},
				"west": {"uv": [14, 2.5, 15, 3], "texture": "#0"},
				"up": {"uv": [14, 2.5, 13, 1.5], "texture": "#0"},
				"down": {"uv": [14, 1.5, 13, 2.5], "texture": "#0"}
			}
		},
		{
			"name": "fin_right",
			"from": [12, 7, 4.01],
			"to": [14, 8, 6.01],
			"rotation": {"angle": 0, "axis": "y", "origin": [8, 0, 7]},
			"faces": {
				"north": {"uv": [13, 1, 14, 1.5], "texture": "#0"},
				"east": {"uv": [12, 1, 13, 1.5], "texture": "#0"},
				"south": {"uv": [15, 1, 16, 1.5], "texture": "#0"},
				"west": {"uv": [14, 1, 15, 1.5], "texture": "#0"},
				"up": {"uv": [14, 1, 13, 0], "texture": "#0"},
				"down": {"uv": [14, 0, 13, 1], "texture": "#0"}
			}
		},
		{
			"name": "spikes_front_top",
			"from": [4, 9, 3],
			"to": [12, 10, 3],
			"rotation": {"angle": -45, "axis": "x", "origin": [8, 9, 3]},
			"faces": {
				"north": {"uv": [7.5, 8.5, 11.5, 9], "texture": "#0"},
				"east": {"uv": [7.5, 8.5, 7.5, 9], "texture": "#0"},
				"south": {"uv": [11.5, 8.5, 7.5, 9], "texture": "#0"},
				"west": {"uv": [11.5, 8.5, 11.5, 9], "texture": "#0"},
				"up": {"uv": [11.5, 8.5, 7.5, 8.5], "texture": "#0"},
				"down": {"uv": [15.5, 8.5, 11.5, 8.5], "texture": "#0"}
			}
		},
		{
			"name": "spikes_middle_top",
			"from": [4, 9, 7],
			"to": [12, 10, 7],
			"rotation": {"angle": 0, "axis": "y", "origin": [8, 0, 7]},
			"faces": {
				"north": {"uv": [7.5, 8.5, 11.5, 9], "texture": "#0"},
				"east": {"uv": [7, 8.5, 7.5, 9], "texture": "#0"},
				"south": {"uv": [11.5, 8.5, 7.5, 9], "texture": "#0"},
				"west": {"uv": [11.5, 8.5, 12, 9], "texture": "#0"},
				"up": {"uv": [11.5, 8.5, 7.5, 8], "texture": "#0"},
				"down": {"uv": [15.5, 8, 11.5, 8.5], "texture": "#0"}
			}
		},
		{
			"name": "spikes_back_top",
			"from": [4, 9, 11],
			"to": [12, 10, 11],
			"rotation": {"angle": 45, "axis": "x", "origin": [8, 9, 11]},
			"faces": {
				"north": {"uv": [11.5, 9, 15.5, 9.5], "texture": "#0"},
				"east": {"uv": [11.5, 9, 11.5, 9.5], "texture": "#0"},
				"south": {"uv": [15.5, 9, 11.5, 9.5], "texture": "#0"},
				"west": {"uv": [15.5, 9, 15.5, 9.5], "texture": "#0"},
				"up": {"uv": [15.5, 9, 11.5, 9], "texture": "#0"},
				"down": {"uv": [19.5, 9, 15.5, 9], "texture": "#0"}
			}
		},
		{
			"name": "spikes_front_left",
			"from": [3, 1, 3],
			"to": [4, 9, 3],
			"rotation": {"angle": -45, "axis": "y", "origin": [4, 5, 3]},
			"faces": {
				"north": {"uv": [0.5, 8.5, 1, 12.5], "texture": "#0"},
				"east": {"uv": [0.5, 8.5, 0.5, 12.5], "texture": "#0"},
				"south": {"uv": [0.5, 8.5, 1, 12.5], "texture": "#0"},
				"west": {"uv": [1, 8.5, 1, 12.5], "texture": "#0"},
				"up": {"uv": [1, 8.5, 0.5, 8.5], "texture": "#0"},
				"down": {"uv": [1.5, 8.5, 1, 8.5], "texture": "#0"}
			}
		},
		{
			"name": "spikes_front_right",
			"from": [12, 1, 3],
			"to": [13, 9, 3],
			"rotation": {"angle": 45, "axis": "y", "origin": [12, 5, 3]},
			"faces": {
				"north": {"uv": [2.5, 8.5, 3, 12.5], "texture": "#0"},
				"east": {"uv": [2.5, 8.5, 2.5, 12.5], "texture": "#0"},
				"south": {"uv": [2.5, 8.5, 3, 12.5], "texture": "#0"},
				"west": {"uv": [3, 8.5, 3, 12.5], "texture": "#0"},
				"up": {"uv": [3, 8.5, 2.5, 8.5], "texture": "#0"},
				"down": {"uv": [3.5, 8.5, 3, 8.5], "texture": "#0"}
			}
		},
		{
			"name": "spikes_back_right",
			"from": [12, 1, 11],
			"to": [13, 9, 11],
			"rotation": {"angle": -45, "axis": "y", "origin": [12, 5, 11]},
			"faces": {
				"north": {"uv": [4.5, 8.5, 5, 12.5], "texture": "#0"},
				"east": {"uv": [4.5, 8.5, 4.5, 12.5], "texture": "#0"},
				"south": {"uv": [4.5, 8.5, 5, 12.5], "texture": "#0"},
				"west": {"uv": [5, 8.5, 5, 12.5], "texture": "#0"},
				"up": {"uv": [5, 8.5, 4.5, 8.5], "texture": "#0"},
				"down": {"uv": [5.5, 8.5, 5, 8.5], "texture": "#0"}
			}
		},
		{
			"name": "spikes_front_bottom",
			"from": [4, 0, 3],
			"to": [12, 1, 3],
			"rotation": {"angle": 45, "axis": "x", "origin": [8, 1, 3]},
			"faces": {
				"north": {"uv": [7.5, 10, 11.5, 10.5], "texture": "#0"},
				"east": {"uv": [7.5, 10, 7.5, 10.5], "texture": "#0"},
				"south": {"uv": [11.5, 10, 7.5, 10.5], "texture": "#0"},
				"west": {"uv": [11.5, 10, 11.5, 10.5], "texture": "#0"},
				"up": {"uv": [11.5, 10, 7.5, 10], "texture": "#0"},
				"down": {"uv": [15.5, 10, 11.5, 10], "texture": "#0"}
			}
		},
		{
			"name": "spikes_middle_bottom",
			"from": [4, 0, 7],
			"to": [12, 1, 7],
			"rotation": {"angle": 0, "axis": "y", "origin": [8, 0, 7]},
			"faces": {
				"north": {"uv": [7.5, 10, 11.5, 10.5], "texture": "#0"},
				"east": {"uv": [7.5, 10, 7.5, 10.5], "texture": "#0"},
				"south": {"uv": [11.5, 10, 7.5, 10.5], "texture": "#0"},
				"west": {"uv": [11.5, 10, 11.5, 10.5], "texture": "#0"},
				"up": {"uv": [11.5, 10, 7.5, 10], "texture": "#0"},
				"down": {"uv": [15.5, 10, 11.5, 10], "texture": "#0"}
			}
		},
		{
			"name": "spikes_back_bottom",
			"from": [4, 0, 11],
			"to": [12, 1, 11],
			"rotation": {"angle": -45, "axis": "x", "origin": [8, 1, 11]},
			"faces": {
				"north": {"uv": [7.5, 10.5, 11.5, 11], "texture": "#0"},
				"east": {"uv": [7.5, 10, 7.5, 10.5], "texture": "#0"},
				"south": {"uv": [11.5, 10.5, 7.5, 11], "texture": "#0"},
				"west": {"uv": [11.5, 10, 11.5, 10.5], "texture": "#0"},
				"up": {"uv": [11.5, 10, 7.5, 10], "texture": "#0"},
				"down": {"uv": [15.5, 10, 11.5, 10], "texture": "#0"}
			}
		}
	],
	"display": {
		"thirdperson_righthand": {
			"rotation": [135, 0, -180],
			"translation": [0, 1.25, -3.25],
			"scale": [0.55, 0.55, 0.55]
		},
		"thirdperson_lefthand": {
			"rotation": [135, 0, -180],
			"translation": [0, 1.25, -3.25],
			"scale": [0.55, 0.55, 0.55]
		},
		"firstperson_righthand": {
			"rotation": [-9, 148, -5],
			"translation": [0.75, 3.75, 0],
			"scale": [0.75, 0.75, 0.75]
		},
		"firstperson_lefthand": {
			"rotation": [-20, -85, -12],
			"translation": [-1.75, 5.75, 1.5],
			"scale": [0.5, 0.5, 0.5]
		},
		"ground": {
			"translation": [0, 3, 0],
			"scale": [0.5, 0.5, 0.5]
		},
		"gui": {
			"rotation": [25, 135, 0],
			"translation": [0.5, 2.75, 0],
			"scale": [0.9, 0.9, 0.9]
		},
		"head": {
			"translation": [0, 5.75, 1.75],
			"scale": [1.85, 1.85, 1.85]
		},
		"fixed": {
			"translation": [0, 3.5, 2],
			"scale": [1.25, 1.25, 1.25]
		}
	},
	"groups": [
		{
			"name": "body",
			"origin": [0, 1, 0],
			"color": 0,
			"children": [0, 1, 2]
		},
		{
			"name": "fin_left",
			"origin": [-4, 8, -2],
			"color": 0,
			"children": [3]
		},
		{
			"name": "fin_right",
			"origin": [4, 8, -2],
			"color": 0,
			"children": [4]
		},
		{
			"name": "spikes_front_top",
			"origin": [0, 9, -4],
			"rotation": [-45, 0, 0],
			"color": 0,
			"children": [5]
		},
		{
			"name": "spikes_middle_top",
			"origin": [0, 9, 0],
			"color": 0,
			"children": [6]
		},
		{
			"name": "spikes_back_top",
			"origin": [0, 9, 4],
			"rotation": [45, 0, 0],
			"color": 0,
			"children": [7]
		},
		{
			"name": "spikes_front_left",
			"origin": [-4, 1, -4],
			"rotation": [0, -45, 0],
			"color": 0,
			"children": [8]
		},
		{
			"name": "spikes_front_right",
			"origin": [4, 1, -4],
			"rotation": [0, 45, 0],
			"color": 0,
			"children": [9]
		},
		{
			"name": "spikes_back_left",
			"origin": [-4, 1, 4],
			"rotation": [0, 45, 0],
			"color": 0,
			"children": []
		},
		{
			"name": "spikes_back_right",
			"origin": [4, 1, 4],
			"rotation": [0, -45, 0],
			"color": 0,
			"children": [10]
		},
		{
			"name": "spikes_front_bottom",
			"origin": [0, 1, -4],
			"rotation": [45, 0, 0],
			"color": 0,
			"children": [11]
		},
		{
			"name": "spikes_middle_bottom",
			"origin": [0, 1, 0],
			"color": 0,
			"children": [12]
		},
		{
			"name": "spikes_back_bottom",
			"origin": [0, 1, 4],
			"rotation": [-45, 0, 0],
			"color": 0,
			"children": [13]
		}
	]
}