{
	"format_version": "1.21.6",
	"credit": "Made with Blockbench",
	"texture_size": [32, 32],
	"textures": {
		"0": "item/eatinganimation/pumpkin_pie/pumpkin_pie_eat_1",
		"particle": "item/pumpkin_pie"
	},
	"elements": [
		{
			"name": "crust2",
			"from": [7, 0, 8],
			"to": [9, 1, 12],
			"rotation": {"angle": 0, "axis": "y", "origin": [7, 0, 7]},
			"faces": {
				"north": {"uv": [6.5, 3, 7.5, 3.5], "texture": "#0"},
				"east": {"uv": [7, 8.5, 9, 9], "texture": "#0"},
				"south": {"uv": [5, 3.5, 6, 4], "texture": "#0"},
				"west": {"uv": [11, 4.5, 13, 5], "texture": "#0"},
				"down": {"uv": [5, 0, 4, 2], "texture": "#0"}
			}
		},
		{
			"name": "crust2",
			"from": [4, 0, 8],
			"to": [7, 1, 12],
			"rotation": {"angle": 0, "axis": "y", "origin": [2, 0, 7]},
			"faces": {
				"north": {"uv": [10, 9, 11.5, 9.5], "texture": "#0"},
				"south": {"uv": [10, 9.5, 11.5, 10], "texture": "#0"},
				"west": {"uv": [2, 10, 4, 10.5], "texture": "#0"},
				"down": {"uv": [9.5, 6.5, 8, 8.5], "texture": "#0"}
			}
		},
		{
			"name": "crust3",
			"from": [4, 1, 8],
			"to": [5, 4, 12],
			"rotation": {"angle": 0, "axis": "y", "origin": [2, 1, 7]},
			"faces": {
				"north": {"uv": [10, 10, 10.5, 11.5], "texture": "#0"},
				"east": {"uv": [0, 8.5, 2, 10], "texture": "#0"},
				"south": {"uv": [0, 10.5, 0.5, 12], "texture": "#0"},
				"west": {"uv": [8.5, 0, 10.5, 1.5], "texture": "#0"},
				"up": {"uv": [4.5, 12, 4, 10], "texture": "#0"}
			}
		},
		{
			"name": "crust4",
			"from": [5, 1, 11],
			"to": [9, 4, 12],
			"rotation": {"angle": 0, "axis": "y", "origin": [2, 1, 7]},
			"faces": {
				"north": {"uv": [5.5, 4, 7.5, 5.5], "texture": "#0"},
				"east": {"uv": [5, 10, 5.5, 11.5], "texture": "#0"},
				"south": {"uv": [5, 0, 7, 1.5], "texture": "#0"},
				"up": {"uv": [12.5, 5.5, 10.5, 5], "texture": "#0"}
			}
		},
		{
			"name": "filling1",
			"from": [5, 1, 8],
			"to": [7, 3.75, 11],
			"rotation": {"angle": 0, "axis": "y", "origin": [3, 0, 7]},
			"faces": {
				"north": {"uv": [8, 9, 9, 10.5], "texture": "#0"},
				"up": {"uv": [10.5, 4.5, 9.5, 3], "texture": "#0"}
			}
		},
		{
			"name": "filling3",
			"from": [7, 1, 8],
			"to": [9, 3.75, 11],
			"rotation": {"angle": 0, "axis": "y", "origin": [7, 0, 7]},
			"faces": {
				"north": {"uv": [8.5, 11.5, 9.5, 13], "texture": "#0"},
				"east": {"uv": [9.5, 11.5, 11, 13], "texture": "#0"},
				"west": {"uv": [4.5, 7, 6, 8.5], "texture": "#0"},
				"up": {"uv": [2, 5.5, 1, 4], "texture": "#0"}
			}
		},
		{
			"name": "filling4",
			"from": [9, 1, 8],
			"to": [9, 3.75, 11],
			"rotation": {"angle": 0, "axis": "y", "origin": [7, 0, 7]},
			"faces": {
				"north": {"uv": [8.5, 11.5, 8.5, 13], "texture": "#0"},
				"west": {"uv": [4.5, 7, 6, 8.5], "texture": "#0"},
				"up": {"uv": [1, 5.5, 1, 4], "texture": "#0"}
			}
		}
	],
	"display": {
		"thirdperson_righthand": {
			"rotation": [65, 45, 0],
			"translation": [0, 4.25, 2],
			"scale": [0.6, 0.6, 0.6]
		},
		"thirdperson_lefthand": {
			"rotation": [65, 135, 0],
			"translation": [0, 4.25, 2],
			"scale": [0.6, 0.6, 0.6]
		},
		"firstperson_righthand": {
			"rotation": [-26, -46, 0],
			"translation": [1.25, 7.25, -1.5],
			"scale": [0.9, 0.9, 0.9]
		},
		"firstperson_lefthand": {
			"rotation": [-8, 150, 0],
			"translation": [1, 6.75, 0.75],
			"scale": [0.9, 0.9, 0.9]
		},
		"ground": {
			"translation": [0, 5, 0],
			"scale": [0.8, 0.8, 0.8]
		},
		"gui": {
			"rotation": [35, 115, 0],
			"translation": [0, 5.5, 0],
			"scale": [1.25, 1.25, 1.25]
		},
		"head": {
			"translation": [0, 14.25, 0]
		},
		"fixed": {
			"rotation": [-90, 0, 0],
			"translation": [0, 0.5, -7],
			"scale": [1.5, 1.5, 1.5]
		}
	},
	"groups": [
		{
			"name": "crust",
			"origin": [2, 1, 7],
			"color": 0,
			"children": [0, 1, 2, 3]
		},
		{
			"name": "filling",
			"origin": [7, 0, 7],
			"color": 0,
			"children": [4, 5, 6]
		}
	]
}