{
	"credit": "Made with Blockbench",
	"textures": {
		"0": "item/eatinganimation/cooked_chicken/cooked_chicken_eat_4",
		"2": "item/eatinganimation/cooked_chicken/chicken_bones",
		"particle": "item/food_particles/cooked_chicken"
	},
	"elements": [
		{
			"name": "chest_top",
			"from": [7, 1, 2.5],
			"to": [9, 3, 3.5],
			"rotation": {"angle": 0, "axis": "y", "origin": [8, 1.5, 8]},
			"faces": {
				"north": {"uv": [8, 6, 9, 7], "texture": "#0"},
				"east": {"uv": [5, 9, 5.5, 10], "texture": "#0"},
				"west": {"uv": [9, 4, 9.5, 5], "texture": "#0"},
				"up": {"uv": [9.5, 6, 9, 5], "rotation": 270, "texture": "#0"},
				"down": {"uv": [6, 9, 5.5, 10], "rotation": 90, "texture": "#0"}
			}
		},
		{
			"name": "chest_middle",
			"from": [4.99, -0.01, 3.49],
			"to": [6.99, 4.01, 5.49],
			"rotation": {"angle": 0, "axis": "y", "origin": [8, 1.5, 8]},
			"faces": {
				"north": {"uv": [5.50332, 4, 6.5, 6], "texture": "#0"},
				"east": {"uv": [6.00285, 2, 7, 4], "texture": "#0"},
				"south": {"uv": [0, 6, 0.99668, 8], "texture": "#0"},
				"west": {"uv": [3.5, 0, 4.49715, 2], "texture": "#0"},
				"up": {"uv": [0.99715, 3, 0, 2.00332], "rotation": 270, "texture": "#0"},
				"down": {"uv": [0.99715, 5.00332, 0, 6], "rotation": 90, "texture": "#0"}
			}
		},
		{
			"name": "chest_middle",
			"from": [6.99, -0.01, 3.49],
			"to": [6.99, 4.01, 5.49],
			"rotation": {"angle": 0, "axis": "y", "origin": [8, 1.5, 8]},
			"faces": {
				"north": {"uv": [5.50332, 4, 5.50332, 6], "texture": "#0"},
				"east": {"uv": [6.00285, 2, 7, 4], "texture": "#0"},
				"south": {"uv": [0.99668, 6, 0.99668, 8], "texture": "#0"},
				"west": {"uv": [3.5, 0, 4.49715, 2], "texture": "#0"},
				"up": {"uv": [0.99715, 2.00332, 0, 2.00332], "rotation": 270, "texture": "#0"},
				"down": {"uv": [0.99715, 5.00332, 0, 5.00332], "rotation": 90, "texture": "#0"}
			}
		},
		{
			"name": "chest_middle",
			"from": [6.99, -0.01, 3.49],
			"to": [7.99, 4.01, 4.49],
			"rotation": {"angle": 0, "axis": "y", "origin": [8, 1.5, 8]},
			"faces": {
				"north": {"uv": [5.00498, 4, 5.50332, 6], "texture": "#0"},
				"east": {"uv": [6.50142, 2, 7, 4], "texture": "#0"},
				"south": {"uv": [0.99668, 6, 1.49502, 8], "texture": "#0"},
				"west": {"uv": [3.5, 0, 3.99858, 2], "texture": "#0"},
				"up": {"uv": [0.49858, 2.00332, 0, 1.50498], "rotation": 270, "texture": "#0"},
				"down": {"uv": [0.49858, 4.50498, 0, 5.00332], "rotation": 90, "texture": "#0"}
			}
		},
		{
			"name": "chest_middle",
			"from": [7.99, -0.01, 3.49],
			"to": [8.99, 4.01, 4.49],
			"rotation": {"angle": 0, "axis": "y", "origin": [8, 1.5, 8]},
			"faces": {
				"north": {"uv": [4.50664, 4, 5.00498, 6], "texture": "#0"},
				"east": {"uv": [6.50142, 2, 7, 4], "texture": "#0"},
				"south": {"uv": [1.49502, 6, 1.99336, 8], "texture": "#0"},
				"west": {"uv": [3.5, 0, 3.99858, 2], "texture": "#0"},
				"up": {"uv": [0.49858, 1.50498, 0, 1.00664], "rotation": 270, "texture": "#0"},
				"down": {"uv": [0.49858, 4.00664, 0, 4.50498], "rotation": 90, "texture": "#0"}
			}
		},
		{
			"name": "chest_middle",
			"from": [7.99, -0.01, 4.49],
			"to": [7.99, 4.01, 4.49],
			"rotation": {"angle": 0, "axis": "y", "origin": [8, 1.5, 8]},
			"faces": {
				"north": {"uv": [5.00498, 4, 5.00498, 6], "texture": "#0"},
				"east": {"uv": [6.50142, 2, 6.50142, 4], "texture": "#0"},
				"south": {"uv": [1.49502, 6, 1.49502, 8], "texture": "#0"},
				"west": {"uv": [3.99858, 0, 3.99858, 2], "texture": "#0"},
				"up": {"uv": [0.49858, 1.50498, 0.49858, 1.50498], "rotation": 270, "texture": "#0"},
				"down": {"uv": [0.49858, 4.50498, 0.49858, 4.50498], "rotation": 90, "texture": "#0"}
			}
		},
		{
			"name": "chest_middle",
			"from": [7.99, -0.01, 4.49],
			"to": [8.99, 4.01, 4.49],
			"rotation": {"angle": 0, "axis": "y", "origin": [8, 1.5, 8]},
			"faces": {
				"north": {"uv": [4.50664, 4, 5.00498, 6], "texture": "#0"},
				"east": {"uv": [6.50142, 2, 6.50142, 4], "texture": "#0"},
				"south": {"uv": [1.49502, 6, 1.99336, 8], "texture": "#0"},
				"west": {"uv": [3.99858, 0, 3.99858, 2], "texture": "#0"},
				"up": {"uv": [0.49858, 1.50498, 0.49858, 1.00664], "rotation": 270, "texture": "#0"},
				"down": {"uv": [0.49858, 4.00664, 0.49858, 4.50498], "rotation": 90, "texture": "#0"}
			}
		},
		{
			"name": "chest_middle",
			"from": [7.99, -0.01, 5.49],
			"to": [7.99, 4.01, 5.49],
			"rotation": {"angle": 0, "axis": "y", "origin": [8, 1.5, 8]},
			"faces": {
				"north": {"uv": [5.00498, 4, 5.00498, 6], "texture": "#0"},
				"east": {"uv": [6.00285, 2, 6.00285, 4], "texture": "#0"},
				"south": {"uv": [1.49502, 6, 1.49502, 8], "texture": "#0"},
				"west": {"uv": [4.49715, 0, 4.49715, 2], "texture": "#0"},
				"up": {"uv": [0.99715, 1.50498, 0.99715, 1.50498], "rotation": 270, "texture": "#0"},
				"down": {"uv": [0.99715, 4.50498, 0.99715, 4.50498], "rotation": 90, "texture": "#0"}
			}
		},
		{
			"from": [5.5, 0.5, 4],
			"to": [10.5, 3.5, 9],
			"rotation": {"angle": 0, "axis": "y", "origin": [7, 0, 8]},
			"faces": {
				"north": {"uv": [0, 10, 5, 13], "texture": "#2"},
				"east": {"uv": [10, 0, 15, 3], "texture": "#2"},
				"south": {"uv": [10, 3, 15, 6], "texture": "#2"},
				"west": {"uv": [5, 10, 10, 13], "texture": "#2"},
				"up": {"uv": [5, 5, 0, 0], "texture": "#2"},
				"down": {"uv": [5, 5, 0, 10], "texture": "#2"}
			}
		},
		{
			"from": [10.5, 3.5, 9],
			"to": [5.5, 0.5, 4],
			"rotation": {"angle": 0, "axis": "y", "origin": [12, 3, 24]},
			"faces": {
				"north": {"uv": [10, 6, 15, 9], "texture": "#2"},
				"east": {"uv": [10, 9, 15, 12], "texture": "#2"},
				"south": {"uv": [10, 12, 15, 15], "texture": "#2"},
				"west": {"uv": [0, 13, 5, 16], "texture": "#2"},
				"up": {"uv": [10, 5, 5, 0], "texture": "#2"},
				"down": {"uv": [10, 5, 5, 10], "texture": "#2"}
			}
		}
	],
	"display": {
		"thirdperson_righthand": {
			"rotation": [130, 0, 0],
			"translation": [0.25, -3.25, 2.25],
			"scale": [0.75, 0.75, 0.75]
		},
		"thirdperson_lefthand": {
			"rotation": [130, 0, 0],
			"translation": [-0.25, -3.25, 2.25],
			"scale": [0.75, 0.75, 0.75]
		},
		"firstperson_righthand": {
			"rotation": [1, -164, 0],
			"translation": [0.5, 6.5, -0.75],
			"scale": [0.75, 0.75, 0.75]
		},
		"firstperson_lefthand": {
			"rotation": [-8, -85, 0],
			"translation": [-1.75, 9, 0.75],
			"scale": [0.75, 0.75, 0.75]
		},
		"ground": {
			"translation": [0, 4.75, 0],
			"scale": [0.85, 0.85, 0.85]
		},
		"gui": {
			"rotation": [45, -45, 0],
			"translation": [0.75, 4.5, 0],
			"scale": [1.2, 1.2, 1.2]
		},
		"head": {
			"translation": [0.5, 18.25, 0.5],
			"scale": [1.5, 1.5, 1.5]
		},
		"fixed": {
			"rotation": [-90, 90, 0],
			"translation": [0, -1, -8.5],
			"scale": [1.2, 1.2, 1.2]
		}
	},
	"groups": [
		{
			"name": "cooked_chicken",
			"origin": [0.5, 6, 0],
			"color": 0,
			"children": [
				{
					"name": "chest",
					"origin": [0.5, 6, 0],
					"color": 0,
					"children": [0, 1, 2, 3, 4, 5, 6, 7]
				}
			]
		},
		8,
		9
	]
}