{
	"credit": "Made with Blockbench",
	"textures": {
		"0": "item/cookie_3d",
		"particle": "item/cookie"
	},
	"elements": [
		{
			"from": [4, 0, 4],
			"to": [6, 2, 12],
			"rotation": {"angle": 0, "axis": "y", "origin": [4, 0, 4]},
			"faces": {
				"north": {"uv": [14, 0, 16, 2], "texture": "#0"},
				"east": {"uv": [8, 2, 16, 4], "texture": "#0"},
				"south": {"uv": [8, 4, 10, 6], "texture": "#0"},
				"west": {"uv": [8, 6, 16, 8], "texture": "#0"},
				"up": {"uv": [8, 8, 6, 0], "texture": "#0"},
				"down": {"uv": [8, 8, 6, 16], "texture": "#0"}
			}
		},
		{
			"from": [6, 0, 4],
			"to": [8, 2, 7],
			"rotation": {"angle": 0, "axis": "y", "origin": [4, 0, 4]},
			"faces": {
				"north": {"uv": [12, 0, 14, 2], "texture": "#0"},
				"east": {"uv": [13, 2, 16, 4], "texture": "#0"},
				"south": {"uv": [10, 4, 12, 6], "texture": "#0"},
				"west": {"uv": [8, 6, 11, 8], "texture": "#0"},
				"up": {"uv": [6, 8, 4, 5], "texture": "#0"},
				"down": {"uv": [6, 13, 4, 16], "texture": "#0"}
			}
		},
		{
			"from": [6, 0, 7],
			"to": [7, 2, 10],
			"rotation": {"angle": 0, "axis": "y", "origin": [4, 0, 4]},
			"faces": {
				"north": {"uv": [13, 0, 14, 2], "texture": "#0"},
				"east": {"uv": [10, 2, 13, 4], "texture": "#0"},
				"south": {"uv": [10, 4, 11, 6], "texture": "#0"},
				"west": {"uv": [11, 6, 14, 8], "texture": "#0"},
				"up": {"uv": [6, 5, 5, 2], "texture": "#0"},
				"down": {"uv": [6, 10, 5, 13], "texture": "#0"}
			}
		},
		{
			"from": [5.01, 1.26, 10.01],
			"to": [5.99, 2.24, 10.99],
			"rotation": {"angle": 0, "axis": "y", "origin": [5, 0, 10]},
			"faces": {
				"north": {"uv": [9, 14, 10, 15], "texture": "#0"},
				"east": {"uv": [14, 9, 15, 10], "texture": "#0"},
				"south": {"uv": [10, 14, 11, 15], "texture": "#0"},
				"west": {"uv": [14, 10, 15, 11], "texture": "#0"},
				"up": {"uv": [12, 15, 11, 14], "texture": "#0"},
				"down": {"uv": [15, 11, 14, 12], "texture": "#0"}
			}
		},
		{
			"from": [5, 1.25, 5],
			"to": [7, 2.25, 7],
			"rotation": {"angle": 0, "axis": "y", "origin": [6, 0, 5]},
			"faces": {
				"north": {"uv": [8, 12, 10, 13], "texture": "#0"},
				"east": {"uv": [12, 8, 14, 9], "texture": "#0"},
				"south": {"uv": [12, 9, 14, 10], "texture": "#0"},
				"west": {"uv": [10, 12, 12, 13], "texture": "#0"},
				"up": {"uv": [10, 10, 8, 8], "texture": "#0"},
				"down": {"uv": [10, 10, 8, 12], "texture": "#0"}
			}
		}
	],
	"display": {
		"thirdperson_righthand": {
			"rotation": [65, 45, 0],
			"translation": [0, 3.25, 2.25],
			"scale": [0.5, 0.5, 0.5]
		},
		"thirdperson_lefthand": {
			"rotation": [65, 45, 0],
			"translation": [0, 3.25, 2.25],
			"scale": [0.5, 0.5, 0.5]
		},
		"firstperson_righthand": {
			"rotation": [-40, 66.38, 13.86],
			"translation": [0.75, 7.25, -2.25],
			"scale": [0.75, 0.75, 0.75]
		},
		"firstperson_lefthand": {
			"rotation": [-10, 4, 0],
			"translation": [-1.5, 8.75, 0.5],
			"scale": [0.75, 0.75, 0.75]
		},
		"ground": {
			"translation": [0, 4.5, 0],
			"scale": [0.75, 0.75, 0.75]
		},
		"gui": {
			"rotation": [35, 45, 0],
			"translation": [0, 6.5, 0],
			"scale": [1.15, 1.15, 1.15]
		},
		"head": {
			"translation": [0, 14.25, 0]
		},
		"fixed": {
			"rotation": [-90, 0, 0],
			"translation": [0, 0, -9.5],
			"scale": [1.5, 1.5, 1.5]
		}
	}
}