{
	"format_version": "1.21.6",
	"credit": "Made with Blockbench",
	"textures": {
		"0": "item/bowl_3d",
		"3": "item/suspicious_stew_3d",
		"4": "item/suspicious_stew_plants_3d",
		"particle": "item/food_particles/suspicious_stew"
	},
	"elements": [
		{
			"name": "bottom",
			"from": [5, 0, 5],
			"to": [11, 1, 11],
			"rotation": {"angle": 0, "axis": "y", "origin": [-1, 0, -1]},
			"faces": {
				"north": {"uv": [0.5, 8, 3.5, 8.5], "texture": "#0"},
				"east": {"uv": [3.5, 8, 6.5, 8.5], "texture": "#0"},
				"south": {"uv": [8, 4, 11, 4.5], "texture": "#0"},
				"west": {"uv": [8, 4.5, 11, 5], "texture": "#0"},
				"up": {"uv": [3, 3, 0, 0], "texture": "#0"},
				"down": {"uv": [3, 3, 0, 6], "texture": "#0"}
			}
		},
		{
			"name": "side1",
			"from": [5, 0, 4],
			"to": [12, 3, 5],
			"rotation": {"angle": 0, "axis": "y", "origin": [11, 0, 5]},
			"faces": {
				"north": {"uv": [6.5, 1.5, 10, 3], "texture": "#0"},
				"east": {"uv": [8, 8, 8.5, 9.5], "texture": "#0"},
				"south": {"uv": [3, 1.5, 6.5, 3], "texture": "#0"},
				"up": {"uv": [10, 3.5, 6.5, 3], "texture": "#0"},
				"down": {"uv": [10, 3.5, 6.5, 4], "texture": "#0"}
			}
		},
		{
			"name": "side2",
			"from": [11, 0, 5],
			"to": [12, 3, 12],
			"rotation": {"angle": 0, "axis": "y", "origin": [11, 0, 5]},
			"faces": {
				"east": {"uv": [6.5, 1.5, 10, 3], "texture": "#0"},
				"south": {"uv": [8, 8, 8.5, 9.5], "texture": "#0"},
				"west": {"uv": [3, 4.5, 6.5, 6], "texture": "#0"},
				"up": {"uv": [7.5, 7.5, 7, 4], "texture": "#0"},
				"down": {"uv": [0.5, 7.5, 0, 11], "texture": "#0"}
			}
		},
		{
			"name": "side3",
			"from": [4, 0, 11],
			"to": [11, 3, 12],
			"rotation": {"angle": 0, "axis": "y", "origin": [11, 0, 5]},
			"faces": {
				"north": {"uv": [0, 6, 3.5, 7.5], "texture": "#0"},
				"south": {"uv": [6.5, 1.5, 10, 3], "texture": "#0"},
				"west": {"uv": [8, 8, 8.5, 9.5], "texture": "#0"},
				"up": {"uv": [4, 8, 0.5, 7.5], "texture": "#0"},
				"down": {"uv": [7.5, 7.5, 4, 8], "texture": "#0"}
			}
		},
		{
			"name": "side4",
			"from": [4, 0, 4],
			"to": [5, 3, 11],
			"rotation": {"angle": 0, "axis": "y", "origin": [11, 0, 5]},
			"faces": {
				"north": {"uv": [8, 8, 8.5, 9.5], "texture": "#0"},
				"east": {"uv": [6.5, 0, 10, 1.5], "texture": "#0"},
				"west": {"uv": [6.5, 1.5, 10, 3], "texture": "#0"},
				"up": {"uv": [8, 7.5, 7.5, 4], "texture": "#0"},
				"down": {"uv": [8, 7.5, 7.5, 11], "texture": "#0"}
			}
		},
		{
			"name": "soup",
			"from": [8.5, 0.5, 5],
			"to": [11.5, 2.5, 11],
			"rotation": {"angle": 0, "axis": "y", "origin": [9, 1, 4]},
			"faces": {
				"west": {"uv": [0, 4, 6, 6], "texture": "#3"},
				"up": {"uv": [6, 6, 3, 0], "texture": "#3"}
			}
		},
		{
			"name": "leaf",
			"from": [10.5, 2, 10.5],
			"to": [11.5, 4, 10.5],
			"rotation": {"angle": 45, "axis": "x", "origin": [8, 2.5, 10.5]},
			"faces": {
				"north": {"uv": [3, 10, 2, 8], "rotation": 180, "texture": "#4"},
				"south": {"uv": [3, 8, 2, 10], "texture": "#4"}
			}
		},
		{
			"from": [10.48746, 2, 5.96973],
			"to": [10.48746, 6, 8.96973],
			"rotation": {"angle": -45, "axis": "y", "origin": [10.48746, 4, 6.96973]},
			"faces": {
				"east": {"uv": [12, 4, 15, 8], "texture": "#4"},
				"west": {"uv": [13, 4, 16, 8], "texture": "#4"}
			}
		},
		{
			"from": [8.48746, 2, 6.96973],
			"to": [11.48746, 6, 6.96973],
			"rotation": {"angle": -45, "axis": "y", "origin": [10.48746, 4, 6.96973]},
			"faces": {
				"north": {"uv": [13, 4, 16, 8], "texture": "#4"},
				"south": {"uv": [12, 4, 15, 8], "texture": "#4"}
			}
		}
	],
	"display": {
		"thirdperson_righthand": {
			"rotation": [70, -135, 0],
			"translation": [0, 3.25, 2.25],
			"scale": [0.5, 0.5, 0.5]
		},
		"thirdperson_lefthand": {
			"rotation": [70, 45, 0],
			"translation": [0, 3.25, 2.25],
			"scale": [0.5, 0.5, 0.5]
		},
		"firstperson_righthand": {
			"rotation": [-35, -168, 0],
			"translation": [1.5, 6.5, -0.25],
			"scale": [0.75, 0.75, 0.75]
		},
		"firstperson_lefthand": {
			"rotation": [-9, 5, 5],
			"translation": [0, 7, 1],
			"scale": [0.75, 0.75, 0.75]
		},
		"ground": {
			"translation": [0, 4.75, 0],
			"scale": [0.65, 0.65, 0.65]
		},
		"gui": {
			"rotation": [30, 135, 0],
			"translation": [0, 6.25, 0],
			"scale": [1.15, 1.15, 1.15]
		},
		"head": {
			"translation": [0, 14.4, 0]
		},
		"fixed": {
			"rotation": [-90, 90, 0],
			"translation": [0, 0, -11],
			"scale": [1.5, 1.5, 1.5]
		}
	},
	"groups": [
		{
			"name": "suspicious_stew",
			"origin": [11, 0, 5],
			"color": 0,
			"children": [
				{
					"name": "bowl",
					"origin": [11, 0, 5],
					"color": 0,
					"children": [0, 1, 2, 3, 4]
				},
				{
					"name": "suspicious_stew_content",
					"origin": [10, 2, 0],
					"color": 0,
					"children": [5]
				}
			]
		},
		6,
		7,
		8
	]
}