{
	"credit": "Made with Blockbench",
	"texture_size": [32, 32],
	"textures": {
		"0": "item/eatinganimation/golden_carrot/golden_carrot_eat_2",
		"particle": "item/food_particles/golden_carrot"
	},
	"elements": [
		{
			"name": "leaf1",
			"from": [7.4999, 12.9999, 3.4999],
			"to": [7.5001, 19.0001, 11.5001],
			"rotation": {"angle": -45, "axis": "y", "origin": [7.5, 15, 7.5]},
			"faces": {
				"east": {"uv": [0, 0, 4, 3], "texture": "#0"},
				"west": {"uv": [0, 3, 4, 6], "texture": "#0"}
			}
		},
		{
			"name": "leaf2",
			"from": [7.4999, 12.9999, 3.4999],
			"to": [7.5001, 19.0001, 11.5001],
			"rotation": {"angle": 45, "axis": "y", "origin": [7.5, 15, 7.5]},
			"faces": {
				"east": {"uv": [4, 0, 8, 3], "texture": "#0"},
				"west": {"uv": [4, 3, 8, 6], "texture": "#0"}
			}
		},
		{
			"name": "tap_root1",
			"from": [5.5, 12, 5.5],
			"to": [9.5, 13, 9.5],
			"rotation": {"angle": 0, "axis": "y", "origin": [7, 1, 7]},
			"faces": {
				"north": {"uv": [0, 6, 2, 6.5], "texture": "#0"},
				"east": {"uv": [2, 6, 4, 6.5], "texture": "#0"},
				"south": {"uv": [4, 6, 6, 6.5], "texture": "#0"},
				"west": {"uv": [6, 6, 8, 6.5], "texture": "#0"},
				"up": {"uv": [10, 2, 8, 0], "texture": "#0"},
				"down": {"uv": [10, 2, 8, 4], "texture": "#0"}
			}
		}
	],
	"display": {
		"thirdperson_righthand": {
			"rotation": [52, 45, 0],
			"translation": [0, 0, -0.25],
			"scale": [0.5, 0.5, 0.5]
		},
		"thirdperson_lefthand": {
			"rotation": [52, 45, 0],
			"translation": [0, 0, -0.25],
			"scale": [0.5, 0.5, 0.5]
		},
		"firstperson_righthand": {
			"rotation": [-45.27, -66.37, 157.33],
			"translation": [0.9, 1, 1],
			"scale": [0.5, 0.5, 0.5]
		},
		"firstperson_lefthand": {
			"rotation": [82, -4, -94],
			"translation": [-4.25, 6.5, 1.25],
			"scale": [0.35, 0.35, 0.35]
		},
		"ground": {
			"translation": [0, 3.25, 0],
			"scale": [0.4, 0.4, 0.4]
		},
		"gui": {
			"rotation": [-18, 0, -45],
			"translation": [-0.25, -1, 0],
			"scale": [0.75, 0.75, 0.75]
		},
		"head": {
			"translation": [0, 5.25, 0]
		},
		"fixed": {
			"rotation": [0, 0, 45],
			"translation": [0.75, -0.5, 1.5]
		}
	},
	"groups": [
		{
			"name": "golden_carrot",
			"origin": [7.5, 15, 7.5],
			"color": 0,
			"children": [
				{
					"name": "leafs",
					"origin": [7.5, 15, 7.5],
					"color": 0,
					"children": [0, 1]
				},
				{
					"name": "tap_root",
					"origin": [7, 0, 7],
					"color": 0,
					"children": [2]
				}
			]
		}
	]
}