{
	"credit": "Made with Blockbench",
	"textures": {
		"0": "item/eatinganimation/dried_kelp/dried_kelp_eat_1",
		"particle": "item/dried_kelp"
	},
	"elements": [
		{
			"name": "dried_kelp1",
			"from": [9, 4, 4],
			"to": [10, 4.1, 11],
			"rotation": {"angle": 0, "axis": "y", "origin": [9, 4, 4]},
			"faces": {
				"north": {"uv": [6, 11, 7, 12], "texture": "#0"},
				"east": {"uv": [4, 6, 11, 7], "texture": "#0"},
				"south": {"uv": [7, 11, 8, 12], "texture": "#0"},
				"west": {"uv": [4, 7, 11, 8], "texture": "#0"},
				"up": {"uv": [1, 16, 0, 9], "texture": "#0"},
				"down": {"uv": [2, 9, 1, 16], "texture": "#0"}
			}
		},
		{
			"name": "dried_kelp5",
			"from": [9, 4.1, 5],
			"to": [10, 4.2, 11],
			"rotation": {"angle": 0, "axis": "y", "origin": [8, 4, 4]},
			"faces": {
				"north": {"uv": [6, 10, 7, 11], "texture": "#0"},
				"east": {"uv": [8, 5, 14, 6], "texture": "#0"},
				"south": {"uv": [9, 10, 10, 11], "texture": "#0"},
				"west": {"uv": [6, 9, 12, 10], "texture": "#0"},
				"up": {"uv": [5, 6, 4, 0], "texture": "#0"},
				"down": {"uv": [7, 0, 6, 6], "texture": "#0"}
			}
		}
	],
	"display": {
		"thirdperson_righthand": {
			"rotation": [-45, 0, 0],
			"translation": [0.25, 1.75, -2.5],
			"scale": [0.75, 0.75, 0.75]
		},
		"thirdperson_lefthand": {
			"rotation": [-45, 0, 0],
			"translation": [-0.25, 1.75, -2.5],
			"scale": [0.75, 0.75, 0.75]
		},
		"firstperson_righthand": {
			"rotation": [180, 0, 95],
			"translation": [-2.5, 1.75, -0.5]
		},
		"firstperson_lefthand": {
			"rotation": [-7, -174, 0],
			"translation": [-2.75, 7.75, 0.75]
		},
		"ground": {
			"translation": [0, 2, 0]
		},
		"gui": {
			"rotation": [44, 45, 0],
			"translation": [0.75, 3.75, 0],
			"scale": [1.5, 1.5, 1.5]
		},
		"head": {
			"translation": [1, 14.25, 0],
			"scale": [2, 2, 2]
		},
		"fixed": {
			"rotation": [90, 90, 0],
			"translation": [0, 0.25, 6.75],
			"scale": [1.5, 1.5, 1.5]
		}
	},
	"groups": [
		{
			"name": "dried_kelp",
			"origin": [7, 4, 4],
			"color": 0,
			"children": [0, 1]
		}
	]
}