{
  "model": {
    "type": "minecraft:select",
    "property": "minecraft:display_context",
    "cases": [
      {
        "when": [
          "fixed"
        ],
        "model": {
          "type": "minecraft:select",
          "property": "minecraft:component",
          "component": "minecraft:custom_name",
          "cases": [
            {
              "when": [
                "Plate of Mushroom Stew",
                "Plated Mushroom Stew",
                "Mushroom Stew on Plate",
                "Mushroom Stew on a Plate",
                "Mushroom Stew Plate",
                "Mushroom Stew Plated"
              ],
              "model": {
                "type": "minecraft:model",
                "model": "minecraft:item/plated_foods/plated_mushroom_stew_3d"
              }
            }
          ],
          "fallback": {
            "type": "minecraft:model",
            "model": "minecraft:item/mushroom_stew_2d"
          }
        }
      },
      {
        "when": [
          "firstperson_righthand",
          "firstperson_lefthand",
          "thirdperson_righthand",
          "thirdperson_lefthand",
          "head"
        ],
        "model": {
          "type": "minecraft:select",
          "property": "minecraft:component",
          "component": "minecraft:custom_name",
          "cases": [
            {
              "when": [
                "Plate of Mushroom Stew",
                "Plated Mushroom Stew",
                "Mushroom Stew on Plate",
                "Mushroom Stew on a Plate",
                "Mushroom Stew Plate",
                "Mushroom Stew Plated"
              ],
              "model": {
                "type": "minecraft:model",
                "model": "minecraft:item/plated_foods/plated_mushroom_stew_3d"
              }
            }
          ],
          "fallback": {
            "type": "minecraft:condition",
            "property": "minecraft:using_item",
            "on_true": {
              "type": "minecraft:range_dispatch",
              "property": "minecraft:use_duration",
              "entries": [
                {
                  "threshold": 0,
                  "model": {
                    "type": "minecraft:model",
                    "model": "item/eatinganimation/mushroom_stew/mushroom_stew_eat_0"
                  }
                },
                {
                  "threshold": 8,
                  "model": {
                    "type": "minecraft:model",
                    "model": "item/eatinganimation/mushroom_stew/mushroom_stew_eat_1"
                  }
                },
                {
                  "threshold": 10,
                  "model": {
                    "type": "minecraft:model",
                    "model": "item/eatinganimation/mushroom_stew/mushroom_stew_eat_2"
                  }
                },
                {
                  "threshold": 12,
                  "model": {
                    "type": "minecraft:model",
                    "model": "item/eatinganimation/mushroom_stew/mushroom_stew_eat_3"
                  }
                },
                {
                  "threshold": 14,
                  "model": {
                    "type": "minecraft:model",
                    "model": "item/eatinganimation/mushroom_stew/mushroom_stew_eat_4"
                    }
                  },
                  {
                    "threshold": 16,
                    "model": {
                      "type": "minecraft:model",
                      "model": "item/eatinganimation/mushroom_stew/mushroom_stew_eat_5"
                      }
                    },
                    {
                      "threshold": 18,
                      "model": {
                        "type": "minecraft:model",
                        "model": "item/eatinganimation/mushroom_stew/mushroom_stew_eat_6"
                        }
                      },
                      {
                        "threshold": 20,
                        "model": {
                          "type": "minecraft:model",
                          "model": "item/eatinganimation/mushroom_stew/mushroom_stew_eat_7"
                          }
                        },
                        {
                          "threshold": 22,
                          "model": {
                            "type": "minecraft:model",
                            "model": "item/eatinganimation/mushroom_stew/mushroom_stew_eat_8"
                            }
                          },
                          {
                            "threshold": 24,
                            "model": {
                              "type": "minecraft:model",
                              "model": "item/eatinganimation/mushroom_stew/mushroom_stew_eat_9"
                              }
                            },
                            {
                              "threshold": 26,
                              "model": {
                                "type": "minecraft:model",
                                "model": "item/eatinganimation/mushroom_stew/mushroom_stew_eat_10"
                                }
                              },
                              {
                                "threshold": 28,
                                "model": {
                                  "type": "minecraft:model",
                                  "model": "item/eatinganimation/mushroom_stew/mushroom_stew_eat_11"
                                  }
                                },
                                {
                                  "threshold": 30,
                                  "model": {
                                    "type": "minecraft:model",
                                    "model": "item/eatinganimation/mushroom_stew/mushroom_stew_eat_12"
                                    }
                                  },
                  {
                  "threshold": 31.5,
                  "model": {
                    "type": "minecraft:model",
                    "model": "item/mushroom_stew_3d"
                  }
                }
              ]
            },
            "on_false": {
              "type": "minecraft:model",
              "model": "minecraft:item/mushroom_stew_3d"
            }
          }
        }
      }
    ],
    "fallback": {
      "type": "minecraft:model",
      "model": "minecraft:item/mushroom_stew"
    }
  }
}