{
  "model": {
    "type": "minecraft:select",
    "property": "minecraft:display_context",
    "cases": [
      {
        "when": [
          "fixed"
        ],
        "model": {
          "type": "minecraft:select",
          "property": "minecraft:component",
          "component": "minecraft:custom_name",
          "cases": [
            {
              "when": [
                "Plate of Spider Eye",
                "Plated Spider Eye",
                "Spider Eye on Plate",
                "Spider Eye on a Plate",
                "Spider Eye Plate",
                "Spider Eye Plated"
              ],
              "model": {
                "type": "minecraft:model",
                "model": "minecraft:item/plated_foods/plated_spider_eye_3d"
              }
            }
          ],
          "fallback": {
            "type": "minecraft:model",
            "model": "minecraft:item/spider_eye_2d"
          }
        }
      },
      {
        "when": [
          "firstperson_righthand",
          "firstperson_lefthand",
          "thirdperson_righthand",
          "thirdperson_lefthand",
          "head"
        ],
        "model": {
          "type": "minecraft:select",
          "property": "minecraft:component",
          "component": "minecraft:custom_name",
          "cases": [
            {
              "when": [
                "Plate of Spider Eye",
                "Plated Spider Eye",
                "Spider Eye on Plate",
                "Spider Eye on a Plate",
                "Spider Eye Plate",
                "Spider Eye Plated"
              ],
              "model": {
                "type": "minecraft:model",
                "model": "minecraft:item/plated_foods/plated_spider_eye_3d"
              }
            }
          ],
          "fallback": {
            "type": "minecraft:condition",
            "property": "minecraft:using_item",
            "on_true": {
              "type": "minecraft:range_dispatch",
              "property": "minecraft:use_duration",
              "entries": [
                {
                  "threshold": 0,
                  "model": {
                    "type": "minecraft:model",
                    "model": "item/eatinganimation/spider_eye/spider_eye_eat_0"
                  }
                },
                {
                  "threshold": 6.4,
                  "model": {
                    "type": "minecraft:model",
                    "model": "item/eatinganimation/spider_eye/spider_eye_eat_1"
                  }
                },
                {
                  "threshold": 12.8,
                  "model": {
                    "type": "minecraft:model",
                    "model": "item/eatinganimation/spider_eye/spider_eye_eat_2"
                  }
                },
                {
                  "threshold": 19.2,
                  "model": {
                    "type": "minecraft:model",
                    "model": "item/eatinganimation/spider_eye/spider_eye_eat_3"
                  }
                },
                {
                  "threshold": 25.6,
                  "model": {
                    "type": "minecraft:model",
                    "model": "item/eatinganimation/spider_eye/spider_eye_eat_4"
                  }
                },
                {
                  "threshold": 31.5,
                  "model": {
                    "type": "minecraft:model",
                    "model": "item/spider_eye_3d"
                  }
                }
              ]
            },
            "on_false": {
              "type": "minecraft:model",
              "model": "minecraft:item/spider_eye_3d"
            }
          }
        }
      }
    ],
    "fallback": {
      "type": "minecraft:model",
      "model": "minecraft:item/spider_eye"
    }
  }
}