{
	"format_version": "1.21.6",
	"credit": "Made with Blockbench",
	"textures": {
		"0": "item/eatinganimation/rotten_flesh/rotten_flesh_eat_1",
		"particle": "item/rotten_flesh"
	},
	"elements": [
		{
			"from": [5.96299, 0.5, 6.03701],
			"to": [7.96299, 1.5, 7.07402],
			"rotation": {"angle": 0, "axis": "y", "origin": [9, 0.75, 8.03701]},
			"faces": {
				"north": {"uv": [10, 4, 12, 5], "texture": "#0"},
				"east": {"uv": [7.96299, 8, 9, 9], "texture": "#0"},
				"south": {"uv": [8, 5, 10, 6], "texture": "#0"},
				"west": {"uv": [1, 8, 2.03701, 9], "texture": "#0"},
				"up": {"uv": [1.03701, 4, 0, 2], "rotation": 270, "texture": "#0"},
				"down": {"uv": [1.03701, 6, 0, 8], "rotation": 90, "texture": "#0"}
			}
		},
		{
			"from": [7.96299, 0.5, 6.03701],
			"to": [9.96299, 1.5, 8.07402],
			"rotation": {"angle": 0, "axis": "y", "origin": [9, 0.75, 8.03701]},
			"faces": {
				"north": {"uv": [8, 4, 10, 5], "texture": "#0"},
				"east": {"uv": [6.96299, 8, 9, 9], "texture": "#0"},
				"south": {"uv": [10, 5, 12, 6], "texture": "#0"},
				"west": {"uv": [1, 8, 3.03701, 9], "texture": "#0"},
				"up": {"uv": [2.03701, 2, 0, 0], "rotation": 270, "texture": "#0"},
				"down": {"uv": [2.03701, 4, 0, 6], "rotation": 90, "texture": "#0"}
			}
		},
		{
			"from": [5.96299, 0.5, 5.03701],
			"to": [9.96299, 1.5, 6.03701],
			"rotation": {"angle": 0, "axis": "y", "origin": [9, 0.75, 8.03701]},
			"faces": {
				"north": {"uv": [9, 0, 13, 1], "texture": "#0"},
				"east": {"uv": [13, 1, 14, 2], "texture": "#0"},
				"west": {"uv": [13, 0, 14, 1], "texture": "#0"},
				"up": {"uv": [6, 13, 5, 9], "rotation": 270, "texture": "#0"},
				"down": {"uv": [7, 9, 6, 13], "rotation": 90, "texture": "#0"}
			}
		},
		{
			"from": [9.96299, 1.5, 6.03701],
			"to": [5.96299, 0.5, 5.03701],
			"rotation": {"angle": 0, "axis": "y", "origin": [9, 0.75, 8.03701]},
			"faces": {
				"north": {"uv": [9, 1, 13, 2], "texture": "#0"},
				"east": {"uv": [5, 13, 6, 14], "texture": "#0"},
				"south": {"uv": [9, 2, 13, 3], "texture": "#0"},
				"west": {"uv": [4, 13, 5, 14], "texture": "#0"},
				"up": {"uv": [8, 13, 7, 9], "rotation": 270, "texture": "#0"},
				"down": {"uv": [9, 9, 8, 13], "rotation": 90, "texture": "#0"}
			}
		},
		{
			"from": [7.7364, 0, 6.3979],
			"to": [8.7364, 1, 7.43491],
			"rotation": {"angle": -22.5, "axis": "y", "origin": [9, 0.75, 8.03701]},
			"faces": {
				"north": {"uv": [4, 10, 5, 11], "texture": "#0"},
				"east": {"uv": [10.96299, 7, 12, 8], "texture": "#0"},
				"south": {"uv": [10, 9, 11, 10], "texture": "#0"},
				"west": {"uv": [8, 6, 9.03701, 7], "texture": "#0"},
				"up": {"uv": [5.03701, 3, 4, 2], "rotation": 270, "texture": "#0"},
				"down": {"uv": [5.03701, 5, 4, 6], "rotation": 90, "texture": "#0"}
			}
		},
		{
			"from": [8.7364, 0, 6.3979],
			"to": [10.7364, 1, 7.43491],
			"rotation": {"angle": -22.5, "axis": "y", "origin": [9, 0.75, 8.03701]},
			"faces": {
				"north": {"uv": [2, 10, 4, 11], "texture": "#0"},
				"east": {"uv": [10.96299, 7, 12, 8], "texture": "#0"},
				"south": {"uv": [11, 9, 13, 10], "texture": "#0"},
				"west": {"uv": [8, 6, 9.03701, 7], "texture": "#0"},
				"up": {"uv": [5.03701, 2, 4, 0], "rotation": 270, "texture": "#0"},
				"down": {"uv": [5.03701, 3, 4, 5], "rotation": 90, "texture": "#0"}
			}
		},
		{
			"from": [7.7364, 0, 5.3979],
			"to": [10.7364, 1, 6.3979],
			"rotation": {"angle": -22.5, "axis": "y", "origin": [9, 0.75, 8.03701]},
			"faces": {
				"east": {"uv": [13, 3, 14, 4], "texture": "#0"},
				"west": {"uv": [3, 13, 4, 14], "texture": "#0"},
				"up": {"uv": [1, 15, 0, 12], "rotation": 270, "texture": "#0"},
				"down": {"uv": [13, 5, 12, 8], "rotation": 90, "texture": "#0"}
			}
		},
		{
			"from": [10.7364, 1, 6.3979],
			"to": [7.7364, 0, 5.3979],
			"rotation": {"angle": -22.5, "axis": "y", "origin": [9, 0.75, 8.03701]},
			"faces": {
				"east": {"uv": [13, 2, 14, 3], "texture": "#0"},
				"west": {"uv": [2, 13, 3, 14], "texture": "#0"},
				"up": {"uv": [11, 14, 10, 11], "rotation": 270, "texture": "#0"},
				"down": {"uv": [12, 11, 11, 14], "rotation": 90, "texture": "#0"}
			}
		}
	],
	"display": {
		"thirdperson_righthand": {
			"rotation": [-45, -90, 0],
			"translation": [-0.75, 4.5, -3],
			"scale": [0.75, 0.75, 0.75]
		},
		"thirdperson_lefthand": {
			"rotation": [-45, -90, -180],
			"translation": [-0.75, -3, 4.5],
			"scale": [0.75, 0.75, 0.75]
		},
		"firstperson_righthand": {
			"rotation": [-180, 0, 176],
			"translation": [0.75, 10, 0],
			"scale": [1.25, 1.25, 1.25]
		},
		"firstperson_lefthand": {
			"rotation": [-10, -86, 0],
			"translation": [0, 9.5, 0],
			"scale": [1.25, 1.25, 1.25]
		},
		"ground": {
			"translation": [0, 5, 0],
			"scale": [0.75, 0.75, 0.75]
		},
		"gui": {
			"rotation": [55, -45, 0],
			"translation": [-0.25, 6.75, 0],
			"scale": [1.75, 1.75, 1.75]
		},
		"head": {
			"translation": [-0.5, 18, 0],
			"scale": [1.5, 1.5, 1.5]
		},
		"fixed": {
			"rotation": [-90, 135, 0],
			"translation": [0.25, 0.25, -12],
			"scale": [1.75, 1.75, 1.75]
		}
	},
	"groups": [
		{
			"name": "rottenflesh",
			"origin": [9.5, 1.5, 8.5],
			"color": 0,
			"children": [0, 1, 2, 3, 4, 5, 6, 7]
		}
	]
}