{
	"credit": "Made with Blockbench",
	"texture_size": [32, 32],
	"textures": {
		"0": "item/eatinganimation/cooked_rabbit/cooked_rabbit_eat_3",
		"1": "item/cooked_rabbit_stick",
		"particle": "item/cooked_rabbit"
	},
	"elements": [
		{
			"from": [7, 0, 7],
			"to": [8, 3, 8],
			"rotation": {"angle": 0, "axis": "y", "origin": [7, 0, 7]},
			"faces": {
				"north": {"uv": [7, 0, 10, 1], "rotation": 90, "texture": "#0"},
				"east": {"uv": [3, 6, 6, 7], "rotation": 90, "texture": "#0"},
				"south": {"uv": [6, 8, 9, 9], "rotation": 90, "texture": "#0"},
				"west": {"uv": [0, 12, 3, 13], "rotation": 90, "texture": "#0"},
				"up": {"uv": [0, 2, 1, 3], "rotation": 90, "texture": "#0"},
				"down": {"uv": [6, 5, 7, 6], "rotation": 90, "texture": "#0"}
			}
		},
		{
			"from": [8, 0, 7],
			"to": [8, 3, 9],
			"rotation": {"angle": 0, "axis": "y", "origin": [7, 0, 7]},
			"faces": {
				"north": {"uv": [7, 1, 10, 1], "rotation": 90, "texture": "#0"},
				"east": {"uv": [3, 6, 6, 8], "rotation": 90, "texture": "#0"},
				"south": {"uv": [6, 8, 9, 8], "rotation": 90, "texture": "#0"},
				"west": {"uv": [0, 11, 3, 13], "rotation": 90, "texture": "#0"},
				"up": {"uv": [0, 2, 2, 2], "rotation": 90, "texture": "#0"},
				"down": {"uv": [5, 5, 7, 5], "rotation": 90, "texture": "#0"}
			}
		},
		{
			"from": [8, 0, 7],
			"to": [9, 3, 8],
			"rotation": {"angle": 0, "axis": "y", "origin": [7, 0, 7]},
			"faces": {
				"north": {"uv": [7, 1, 10, 2], "rotation": 90, "texture": "#0"},
				"east": {"uv": [3, 6, 6, 7], "rotation": 90, "texture": "#0"},
				"south": {"uv": [6, 7, 9, 8], "rotation": 90, "texture": "#0"},
				"west": {"uv": [0, 12, 3, 13], "rotation": 90, "texture": "#0"},
				"up": {"uv": [0, 1, 1, 2], "rotation": 90, "texture": "#0"},
				"down": {"uv": [6, 4, 7, 5], "rotation": 90, "texture": "#0"}
			}
		},
		{
			"from": [8, 0, 8],
			"to": [9, 3, 9],
			"rotation": {"angle": 0, "axis": "y", "origin": [7, 0, 7]},
			"faces": {
				"north": {"uv": [7, 1, 10, 2], "rotation": 90, "texture": "#0"},
				"east": {"uv": [3, 7, 6, 8], "rotation": 90, "texture": "#0"},
				"south": {"uv": [6, 7, 9, 8], "rotation": 90, "texture": "#0"},
				"west": {"uv": [0, 11, 3, 12], "rotation": 90, "texture": "#0"},
				"up": {"uv": [1, 1, 2, 2], "rotation": 90, "texture": "#0"},
				"down": {"uv": [5, 4, 6, 5], "rotation": 90, "texture": "#0"}
			}
		},
		{
			"from": [9, 0, 7],
			"to": [9, 3, 10],
			"rotation": {"angle": 0, "axis": "y", "origin": [7, 0, 7]},
			"faces": {
				"north": {"uv": [7, 2, 10, 2], "rotation": 90, "texture": "#0"},
				"east": {"uv": [3, 6, 6, 9], "rotation": 90, "texture": "#0"},
				"south": {"uv": [6, 7, 9, 7], "rotation": 90, "texture": "#0"},
				"west": {"uv": [0, 10, 3, 13], "rotation": 90, "texture": "#0"},
				"up": {"uv": [0, 1, 3, 1], "rotation": 90, "texture": "#0"},
				"down": {"uv": [4, 4, 7, 4], "rotation": 90, "texture": "#0"}
			}
		},
		{
			"from": [9, 0, 7],
			"to": [10, 3, 9],
			"rotation": {"angle": 0, "axis": "y", "origin": [7, 0, 7]},
			"faces": {
				"north": {"uv": [7, 2, 10, 3], "rotation": 90, "texture": "#0"},
				"east": {"uv": [3, 6, 6, 8], "rotation": 90, "texture": "#0"},
				"south": {"uv": [6, 6, 9, 7], "rotation": 90, "texture": "#0"},
				"west": {"uv": [0, 11, 3, 13], "rotation": 90, "texture": "#0"},
				"up": {"uv": [0, 0, 2, 1], "rotation": 90, "texture": "#0"},
				"down": {"uv": [5, 3, 7, 4], "rotation": 90, "texture": "#0"}
			}
		},
		{
			"from": [9, 0, 9],
			"to": [10, 3, 10],
			"rotation": {"angle": 0, "axis": "y", "origin": [7, 0, 7]},
			"faces": {
				"north": {"uv": [7, 2, 10, 3], "rotation": 90, "texture": "#0"},
				"east": {"uv": [3, 8, 6, 9], "rotation": 90, "texture": "#0"},
				"south": {"uv": [6, 6, 9, 7], "rotation": 90, "texture": "#0"},
				"west": {"uv": [0, 10, 3, 11], "rotation": 90, "texture": "#0"},
				"up": {"uv": [2, 0, 3, 1], "rotation": 90, "texture": "#0"},
				"down": {"uv": [4, 3, 5, 4], "rotation": 90, "texture": "#0"}
			}
		},
		{
			"from": [9.5, 0.5, 7.5],
			"to": [10.5, 3.5, 9.5],
			"rotation": {"angle": 22.5, "axis": "x", "origin": [10, 1.5, 8.5]},
			"faces": {
				"north": {"uv": [9, 11, 12, 12], "rotation": 270, "texture": "#0"},
				"east": {"uv": [7, 5, 10, 3], "rotation": 90, "texture": "#0"},
				"south": {"uv": [10, 4, 13, 5], "rotation": 90, "texture": "#0"},
				"west": {"uv": [9, 7, 12, 5], "rotation": 90, "texture": "#0"},
				"up": {"uv": [7, 5, 9, 6], "rotation": 90, "texture": "#0"},
				"down": {"uv": [13, 3, 15, 4], "rotation": 90, "texture": "#0"}
			}
		},
		{
			"from": [9.501, 2.501, 8.501],
			"to": [10.499, 5.499, 9.499],
			"rotation": {"angle": -22.5, "axis": "x", "origin": [10, 3.5, 9.5]},
			"faces": {
				"north": {"uv": [12, 6, 15, 7], "rotation": 270, "texture": "#0"},
				"east": {"uv": [12, 7, 15, 8], "rotation": 90, "texture": "#0"},
				"south": {"uv": [12, 5, 15, 6], "rotation": 90, "texture": "#0"},
				"west": {"uv": [12, 8, 15, 9], "rotation": 90, "texture": "#0"},
				"up": {"uv": [0, 15, 1, 16], "rotation": 90, "texture": "#0"}
			}
		},
		{
			"from": [8.001, 1.001, 0.001],
			"to": [8.999, 1.999, 14.999],
			"rotation": {"angle": 0, "axis": "y", "origin": [7, 0, 5]},
			"faces": {
				"north": {"uv": [1, 1, 1.5, 1.5], "texture": "#1"},
				"east": {"uv": [0, 0, 7.5, 0.5], "texture": "#1"},
				"south": {"uv": [1, 1.5, 1.5, 2], "texture": "#1"},
				"west": {"uv": [0, 0.5, 7.5, 1], "texture": "#1"},
				"up": {"uv": [0.5, 8.5, 0, 1], "texture": "#1"},
				"down": {"uv": [1, 1, 0.5, 8.5], "texture": "#1"}
			}
		}
	],
	"display": {
		"thirdperson_righthand": {
			"rotation": [-90, 0, 0],
			"translation": [-0.5, 6, -3.5],
			"scale": [0.75, 0.75, 0.75]
		},
		"thirdperson_lefthand": {
			"rotation": [-90, 0, 0],
			"translation": [0.5, 6, -3.5],
			"scale": [0.75, 0.75, 0.75]
		},
		"firstperson_righthand": {
			"rotation": [48, 177, 180],
			"translation": [0.75, -2, -6.75]
		},
		"firstperson_lefthand": {
			"rotation": [1, 165, 180],
			"translation": [0, -3.25, 2.5]
		},
		"ground": {
			"translation": [-0.5, 4.25, -1.25],
			"scale": [0.75, 0.75, 0.75]
		},
		"gui": {
			"rotation": [42, 131, 180],
			"translation": [-0.25, -5.75, 1.5],
			"scale": [1.2, 1.2, 1.2]
		},
		"head": {
			"rotation": [0, 180, 0],
			"translation": [0.75, 17.75, 2],
			"scale": [1.5, 1.5, 1.5]
		},
		"fixed": {
			"rotation": [-90, -58, 90],
			"translation": [-4, -6.75, 1.5],
			"scale": [1.25, 1.25, 1.25]
		}
	},
	"groups": [
		0,
		1,
		2,
		3,
		4,
		5,
		6,
		{
			"name": "group",
			"origin": [7, 3.5, 9.5],
			"color": 0,
			"children": []
		},
		{
			"name": "group",
			"origin": [10, 3.5, 9.5],
			"color": 0,
			"children": [7, 8]
		},
		{
			"name": "group",
			"origin": [7, 2, 11.5],
			"color": 0,
			"children": []
		},
		{
			"name": "group",
			"origin": [10, 2, 11.5],
			"color": 0,
			"children": []
		},
		9
	]
}