{
	"credit": "Made with Blockbench",
	"textures": {
		"2": "item/eatinganimation/apple/apple_stem",
		"3": "item/apple_3d",
		"particle": "item/food_particles/apple"
	},
	"elements": [
		{
			"name": "leaf",
			"from": [8.4999, 3.9999, 6.9999],
			"to": [8.5001, 7.0001, 9.0001],
			"rotation": {"angle": -22.5, "axis": "x", "origin": [8, 4, 7]},
			"faces": {
				"east": {"uv": [0, 0, 2, 3], "texture": "#2"},
				"west": {"uv": [2, 0, 4, 3], "texture": "#2"}
			}
		},
		{
			"name": "stem",
			"from": [8, 5, 8],
			"to": [9, 7, 9],
			"rotation": {"angle": 22.5, "axis": "x", "origin": [8, 5, 8]},
			"faces": {
				"north": {"uv": [0, 3, 1, 5], "texture": "#2"},
				"east": {"uv": [1, 3, 2, 5], "texture": "#2"},
				"south": {"uv": [2, 3, 3, 5], "texture": "#2"},
				"west": {"uv": [3, 3, 4, 5], "texture": "#2"},
				"up": {"uv": [5, 1, 4, 0], "texture": "#2"}
			}
		},
		{
			"name": "apple",
			"from": [6, 0, 6],
			"to": [11, 5, 11],
			"rotation": {"angle": 0, "axis": "y", "origin": [13, 0, 13]},
			"faces": {
				"north": {"uv": [0, 0, 5, 5], "texture": "#3"},
				"east": {"uv": [0, 5, 5, 10], "texture": "#3"},
				"south": {"uv": [5, 0, 10, 5], "texture": "#3"},
				"west": {"uv": [5, 5, 10, 10], "texture": "#3"},
				"up": {"uv": [5, 15, 0, 10], "texture": "#3"},
				"down": {"uv": [15, 0, 10, 5], "texture": "#3"}
			}
		}
	],
	"display": {
		"thirdperson_righthand": {
			"rotation": [45, 45, 0],
			"translation": [-0.5, 3.25, 1],
			"scale": [0.75, 0.75, 0.75]
		},
		"thirdperson_lefthand": {
			"rotation": [45, 45, 0],
			"translation": [0, 3.5, 0.5],
			"scale": [0.75, 0.75, 0.75]
		},
		"firstperson_righthand": {
			"rotation": [-16, 137, 0],
			"translation": [1.25, 6.5, 1.5],
			"scale": [0.75, 0.75, 0.75]
		},
		"firstperson_lefthand": {
			"rotation": [-1, -160, 36],
			"translation": [1.5, 7.25, 1],
			"scale": [0.75, 0.75, 0.75]
		},
		"ground": {
			"translation": [0, 4.5, 0],
			"scale": [0.75, 0.75, 0.75]
		},
		"gui": {
			"rotation": [30, 45, 0],
			"translation": [-1, 6.5, 0],
			"scale": [1.5, 1.5, 1.5]
		},
		"head": {
			"rotation": [0, 90, 0],
			"translation": [-0.75, 18.25, 0.5],
			"scale": [1.5, 1.5, 1.5]
		},
		"fixed": {
			"rotation": [0, 90, 0],
			"translation": [-1, 7.75, 1.5],
			"scale": [1.5, 1.5, 1.5]
		}
	},
	"groups": [
		{
			"name": "apple",
			"origin": [8, 4, 7],
			"color": 0,
			"children": [0, 1, 2]
		}
	]
}