{
	"credit": "Made with Blockbench",
	"textures": {
		"1": "item/eatinganimation/apple/apple_stem",
		"3": "item/eatinganimation/apple/apple_eat_3",
		"particle": "item/food_particles/apple"
	},
	"elements": [
		{
			"name": "leaf",
			"from": [8.4999, 3.9999, 6.9999],
			"to": [8.5001, 7.0001, 9.0001],
			"rotation": {"angle": -22.5, "axis": "x", "origin": [8, 4, 7]},
			"faces": {
				"east": {"uv": [0, 0, 2, 3], "texture": "#1"},
				"west": {"uv": [2, 0, 4, 3], "texture": "#1"}
			}
		},
		{
			"name": "stem",
			"from": [8.001, 5.001, 8.001],
			"to": [8.999, 6.999, 8.999],
			"rotation": {"angle": 22.5, "axis": "x", "origin": [8, 5, 8]},
			"faces": {
				"north": {"uv": [0, 3, 1, 5], "texture": "#1"},
				"east": {"uv": [1, 3, 2, 5], "texture": "#1"},
				"south": {"uv": [2, 3, 3, 5], "texture": "#1"},
				"west": {"uv": [3, 3, 4, 5], "texture": "#1"},
				"up": {"uv": [5, 1, 4, 0], "texture": "#1"}
			}
		},
		{
			"name": "apple",
			"from": [8, 0, 8],
			"to": [11, 5, 9],
			"rotation": {"angle": 0, "axis": "y", "origin": [13, 0, 13]},
			"faces": {
				"north": {"uv": [0, 5, 3, 10], "texture": "#3"},
				"east": {"uv": [5, 0, 6, 5], "texture": "#3"},
				"west": {"uv": [2, 5, 3, 10], "texture": "#3"},
				"up": {"uv": [11, 1, 8, 0], "texture": "#3"},
				"down": {"uv": [11, 3, 8, 4], "texture": "#3"}
			}
		},
		{
			"name": "apple",
			"from": [8, 0, 9],
			"to": [11, 5, 11],
			"rotation": {"angle": 0, "axis": "y", "origin": [13, 0, 16]},
			"faces": {
				"east": {"uv": [3, 10, 5, 15], "texture": "#3"},
				"south": {"uv": [0, 10, 3, 15], "texture": "#3"},
				"west": {"uv": [5, 10, 7, 15], "texture": "#3"},
				"up": {"uv": [14, 8, 11, 6], "texture": "#3"},
				"down": {"uv": [10, 11, 7, 13], "texture": "#3"}
			}
		}
	],
	"display": {
		"thirdperson_righthand": {
			"rotation": [45, 45, 0],
			"translation": [-0.5, 3.25, 1],
			"scale": [0.75, 0.75, 0.75]
		},
		"thirdperson_lefthand": {
			"rotation": [45, 45, 0],
			"translation": [0, 3.5, 0.5],
			"scale": [0.75, 0.75, 0.75]
		},
		"firstperson_righthand": {
			"rotation": [-16, 137, 0],
			"translation": [1.25, 6.5, 1.5],
			"scale": [0.75, 0.75, 0.75]
		},
		"firstperson_lefthand": {
			"rotation": [-1, -160, 36],
			"translation": [0, 6, 1],
			"scale": [0.75, 0.75, 0.75]
		},
		"ground": {
			"translation": [0, 4.5, 0],
			"scale": [0.75, 0.75, 0.75]
		},
		"gui": {
			"rotation": [30, 45, 0],
			"translation": [-1, 6.5, 0],
			"scale": [1.5, 1.5, 1.5]
		},
		"head": {
			"rotation": [0, 90, 0],
			"translation": [-0.75, 18.25, 0.5],
			"scale": [1.5, 1.5, 1.5]
		},
		"fixed": {
			"rotation": [0, 90, 0],
			"translation": [-1, 7.75, 1.5],
			"scale": [1.5, 1.5, 1.5]
		}
	},
	"groups": [
		{
			"name": "apple",
			"origin": [8, 4, 7],
			"color": 0,
			"children": [0, 1, 2, 3]
		}
	]
}