{
	"credit": "Made with Blockbench",
	"texture_size": [32, 32],
	"textures": {
		"0": "item/bread_3d",
		"particle": "item/bread"
	},
	"elements": [
		{
			"from": [2, 1, 5],
			"to": [13, 4, 11],
			"rotation": {"angle": 0, "axis": "y", "origin": [0, 0, 11]},
			"faces": {
				"north": {"uv": [0, 6, 5.5, 7.5], "texture": "#0"},
				"east": {"uv": [6, 1.5, 9, 3], "texture": "#0"},
				"south": {"uv": [6, 0, 11.5, 1.5], "texture": "#0"},
				"west": {"uv": [6, 3, 9, 4.5], "texture": "#0"},
				"up": {"uv": [5.5, 3, 0, 0], "texture": "#0"},
				"down": {"uv": [5.5, 3, 0, 6], "texture": "#0"}
			}
		}
	],
	"display": {
		"thirdperson_righthand": {
			"rotation": [-45, 90, 0],
			"translation": [0, 3.75, -2.25],
			"scale": [0.6, 0.6, 0.6]
		},
		"thirdperson_lefthand": {
			"rotation": [-45, 90, 0],
			"translation": [0, 3.75, -2.25],
			"scale": [0.6, 0.6, 0.6]
		},
		"firstperson_righthand": {
			"rotation": [30, -101, 0],
			"translation": [1.25, 5.25, 3.25]
		},
		"firstperson_lefthand": {
			"rotation": [0, 90, 0],
			"translation": [1.25, 6.25, 0.25]
		},
		"ground": {
			"translation": [0, 3.5, 0],
			"scale": [0.75, 0.75, 0.75]
		},
		"gui": {
			"rotation": [30, 45, 0],
			"translation": [0.5, 5.5, 0],
			"scale": [1.2, 1.2, 1.2]
		},
		"head": {
			"translation": [0, 13.25, 0]
		},
		"fixed": {
			"rotation": [-90, 0, 0],
			"translation": [0.5, 0, -5.25],
			"scale": [1.25, 1.25, 1.25]
		}
	}
}