{
	"credit": "Made with Blockbench",
	"texture_size": [32, 32],
	"textures": {
		"2": "item/cooked_chicken_3d",
		"particle": "item/food_particles/cooked_chicken"
	},
	"elements": [
		{
			"name": "chest_top",
			"from": [6.5, 1, 2.5],
			"to": [8.5, 3, 3.5],
			"rotation": {"angle": 0, "axis": "y", "origin": [7.5, 2, 3]},
			"faces": {
				"north": {"uv": [8, 6, 9, 7], "texture": "#2"},
				"east": {"uv": [5, 9, 5.5, 10], "texture": "#2"},
				"west": {"uv": [9, 4, 9.5, 5], "texture": "#2"},
				"up": {"uv": [9.5, 6, 9, 5], "rotation": 270, "texture": "#2"},
				"down": {"uv": [6, 9, 5.5, 10], "rotation": 90, "texture": "#2"}
			}
		},
		{
			"name": "chest_middle",
			"from": [4.49, -0.01, 3.49],
			"to": [10.51, 4.01, 10.51],
			"rotation": {"angle": 0, "axis": "y", "origin": [7.5, 2, 7]},
			"faces": {
				"north": {"uv": [3.5, 4, 6.5, 6], "texture": "#2"},
				"east": {"uv": [3.5, 2, 7, 4], "texture": "#2"},
				"south": {"uv": [0, 6, 3, 8], "texture": "#2"},
				"west": {"uv": [3.5, 0, 7, 2], "texture": "#2"},
				"up": {"uv": [3.5, 3, 0, 0], "rotation": 270, "texture": "#2"},
				"down": {"uv": [3.5, 3, 0, 6], "rotation": 90, "texture": "#2"}
			}
		},
		{
			"name": "bone1",
			"from": [4, 2.5, 12.5],
			"to": [5, 3.5, 13.5],
			"rotation": {"angle": -22.5, "axis": "x", "origin": [4.5, 3, 11.5]},
			"faces": {
				"east": {"uv": [6.5, 9, 7, 9.5], "texture": "#2"},
				"south": {"uv": [9, 6.5, 9.5, 7], "texture": "#2"},
				"west": {"uv": [6, 9, 6.5, 9.5], "texture": "#2"},
				"up": {"uv": [7.5, 9.5, 7, 9], "rotation": 270, "texture": "#2"},
				"down": {"uv": [8, 9, 7.5, 9.5], "rotation": 90, "texture": "#2"}
			}
		},
		{
			"name": "leg1",
			"from": [3.5, 2, 7.5],
			"to": [5.5, 4, 12.5],
			"rotation": {"angle": -22.5, "axis": "x", "origin": [4.5, 3, 11.5]},
			"faces": {
				"north": {"uv": [8.5, 3, 9.5, 4], "texture": "#2"},
				"east": {"uv": [5.5, 6, 8, 7], "texture": "#2"},
				"south": {"uv": [8.5, 7, 9.5, 8], "texture": "#2"},
				"west": {"uv": [3, 6, 5.5, 7], "texture": "#2"},
				"up": {"uv": [9, 5, 6.5, 4], "rotation": 270, "texture": "#2"},
				"down": {"uv": [9, 5, 6.5, 6], "rotation": 90, "texture": "#2"}
			}
		},
		{
			"name": "bone2",
			"from": [10, 2.5, 12.5],
			"to": [11, 3.5, 13.5],
			"rotation": {"angle": -22.5, "axis": "x", "origin": [10.5, 3, 11.5]},
			"faces": {
				"east": {"uv": [9, 9, 9.5, 9.5], "texture": "#2"},
				"south": {"uv": [9.5, 0, 10, 0.5], "texture": "#2"},
				"west": {"uv": [8, 9, 8.5, 9.5], "texture": "#2"},
				"up": {"uv": [10, 1, 9.5, 0.5], "rotation": 270, "texture": "#2"},
				"down": {"uv": [10, 1, 9.5, 1.5], "rotation": 90, "texture": "#2"}
			}
		},
		{
			"name": "leg2",
			"from": [9.5, 2, 7.5],
			"to": [11.5, 4, 12.5],
			"rotation": {"angle": -22.5, "axis": "x", "origin": [10.5, 3, 11.5]},
			"faces": {
				"north": {"uv": [8.5, 8, 9.5, 9], "texture": "#2"},
				"east": {"uv": [7, 1, 9.5, 2], "texture": "#2"},
				"south": {"uv": [0, 9, 1, 10], "texture": "#2"},
				"west": {"uv": [7, 0, 9.5, 1], "texture": "#2"},
				"up": {"uv": [9.5, 3, 7, 2], "rotation": 270, "texture": "#2"},
				"down": {"uv": [5.5, 7, 3, 8], "rotation": 90, "texture": "#2"}
			}
		},
		{
			"name": "wing1",
			"from": [4.0021, 1, 4.00314],
			"to": [6.0021, 3, 7.00314],
			"rotation": {"angle": -22.5, "axis": "y", "origin": [5.0021, 2, 5.50314]},
			"faces": {
				"east": {"uv": [5.5, 7, 7, 8], "texture": "#2"},
				"south": {"uv": [2, 9, 3, 10], "texture": "#2"},
				"west": {"uv": [7, 3, 8.5, 4], "texture": "#2"},
				"up": {"uv": [8.5, 8, 7, 7], "rotation": 270, "texture": "#2"},
				"down": {"uv": [1.5, 8, 0, 9], "rotation": 90, "texture": "#2"}
			}
		},
		{
			"name": "wing2",
			"from": [8.9979, 1, 4.00314],
			"to": [10.9979, 3, 7.00314],
			"rotation": {"angle": 22.5, "axis": "y", "origin": [9.9979, 2, 5.50314]},
			"faces": {
				"east": {"uv": [3, 8, 4.5, 9], "texture": "#2"},
				"south": {"uv": [4, 9, 5, 10], "texture": "#2"},
				"west": {"uv": [1.5, 8, 3, 9], "texture": "#2"},
				"up": {"uv": [6, 9, 4.5, 8], "rotation": 270, "texture": "#2"},
				"down": {"uv": [7.5, 8, 6, 9], "rotation": 90, "texture": "#2"}
			}
		}
	],
	"display": {
		"thirdperson_righthand": {
			"rotation": [130, 0, 0],
			"translation": [0.25, -3.25, 2.25],
			"scale": [0.75, 0.75, 0.75]
		},
		"thirdperson_lefthand": {
			"rotation": [130, 0, 0],
			"translation": [-0.25, -3.25, 2.25],
			"scale": [0.75, 0.75, 0.75]
		},
		"firstperson_righthand": {
			"rotation": [1, -164, 0],
			"translation": [0.5, 6.5, -0.75],
			"scale": [0.75, 0.75, 0.75]
		},
		"firstperson_lefthand": {
			"rotation": [0, 33, 0],
			"translation": [-1, 7.5, 3.25],
			"scale": [0.75, 0.75, 0.75]
		},
		"ground": {
			"translation": [0, 4.75, 0],
			"scale": [0.85, 0.85, 0.85]
		},
		"gui": {
			"rotation": [45, -45, 0],
			"translation": [0.75, 4.5, 0],
			"scale": [1.2, 1.2, 1.2]
		},
		"head": {
			"translation": [0.5, 18.25, 0.5],
			"scale": [1.5, 1.5, 1.5]
		},
		"fixed": {
			"rotation": [-90, 90, 0],
			"translation": [0, -1, -8.5],
			"scale": [1.2, 1.2, 1.2]
		}
	},
	"groups": [
		{
			"name": "cooked_chicken",
			"origin": [6, 2, 4],
			"color": 0,
			"children": [
				{
					"name": "chest",
					"origin": [0, 6, 0],
					"color": 0,
					"children": [0, 1]
				},
				{
					"name": "leg1",
					"origin": [0, 0, -1],
					"color": 0,
					"children": [2, 3]
				},
				{
					"name": "leg2",
					"origin": [0, 0, 5],
					"color": 0,
					"children": [4, 5]
				},
				{
					"name": "wing1",
					"origin": [6, 2, 2],
					"color": 0,
					"children": [6]
				},
				{
					"name": "wing2",
					"origin": [6, 2, 4],
					"color": 0,
					"children": [7]
				}
			]
		}
	]
}