{
	"credit": "Made with Blockbench",
	"texture_size": [32, 32],
	"textures": {
		"0": "item/golden_carrot_3d",
		"particle": "item/food_particles/golden_carrot"
	},
	"elements": [
		{
			"name": "leaf2",
			"from": [7.5, 13, 3.5],
			"to": [7.5, 19, 11.5],
			"rotation": {"angle": 45, "axis": "y", "origin": [7.5, 15, 7.5]},
			"faces": {
				"east": {"uv": [4, 0, 8, 3], "texture": "#0"},
				"west": {"uv": [4, 3, 8, 6], "texture": "#0"}
			}
		},
		{
			"name": "leaf1",
			"from": [7.5, 13, 3.5],
			"to": [7.5, 19, 11.5],
			"rotation": {"angle": -45, "axis": "y", "origin": [7.5, 15, 7.5]},
			"faces": {
				"east": {"uv": [0, 0, 4, 3], "texture": "#0"},
				"west": {"uv": [0, 3, 4, 6], "texture": "#0"}
			}
		},
		{
			"name": "tap_root3",
			"from": [6.5, 0, 6.5],
			"to": [8.5, 2, 8.5],
			"rotation": {"angle": 0, "axis": "y", "origin": [7, -4, 7]},
			"faces": {
				"north": {"uv": [9.5, 4, 10.5, 5], "texture": "#0"},
				"east": {"uv": [4.5, 9.5, 5.5, 10.5], "texture": "#0"},
				"south": {"uv": [9.5, 5, 10.5, 6], "texture": "#0"},
				"west": {"uv": [5.5, 9.5, 6.5, 10.5], "texture": "#0"},
				"down": {"uv": [7.5, 9.5, 6.5, 10.5], "texture": "#0"}
			}
		},
		{
			"name": "tap_root1",
			"from": [5.5, 6, 5.5],
			"to": [9.5, 13, 9.5],
			"rotation": {"angle": 0, "axis": "y", "origin": [7, 1, 7]},
			"faces": {
				"north": {"uv": [0, 6, 2, 9.5], "texture": "#0"},
				"east": {"uv": [2, 6, 4, 9.5], "texture": "#0"},
				"south": {"uv": [4, 6, 6, 9.5], "texture": "#0"},
				"west": {"uv": [6, 6, 8, 9.5], "texture": "#0"},
				"up": {"uv": [10, 2, 8, 0], "texture": "#0"},
				"down": {"uv": [10, 2, 8, 4], "texture": "#0"}
			}
		},
		{
			"name": "tap_root2",
			"from": [6, 2, 6],
			"to": [9, 6, 9],
			"rotation": {"angle": 0, "axis": "y", "origin": [7, 0, 7]},
			"faces": {
				"north": {"uv": [8, 4, 9.5, 6], "texture": "#0"},
				"east": {"uv": [8, 6, 9.5, 8], "texture": "#0"},
				"south": {"uv": [8, 8, 9.5, 10], "texture": "#0"},
				"west": {"uv": [0, 9.5, 1.5, 11.5], "texture": "#0"},
				"down": {"uv": [4.5, 9.5, 3, 11], "texture": "#0"}
			}
		}
	],
	"display": {
		"thirdperson_righthand": {
			"rotation": [52, 45, 0],
			"translation": [0, 0, -0.25],
			"scale": [0.5, 0.5, 0.5]
		},
		"thirdperson_lefthand": {
			"rotation": [52, 45, 0],
			"translation": [0, 0, -0.25],
			"scale": [0.5, 0.5, 0.5]
		},
		"firstperson_righthand": {
			"rotation": [-45.27, -66.37, 157.33],
			"translation": [0.9, 1, 1],
			"scale": [0.5, 0.5, 0.5]
		},
		"firstperson_lefthand": {
			"rotation": [0, -72, 1],
			"translation": [-2.25, 5, 4.25],
			"scale": [0.35, 0.35, 0.35]
		},
		"ground": {
			"translation": [0, 3.25, 0],
			"scale": [0.4, 0.4, 0.4]
		},
		"gui": {
			"rotation": [-18, 0, -45],
			"translation": [-0.5, -1.25, 0],
			"scale": [0.9, 0.9, 0.9]
		},
		"head": {
			"translation": [0, 5.25, 0]
		},
		"fixed": {
			"rotation": [0, 0, 45],
			"translation": [0.75, -0.5, 1.5]
		}
	},
	"groups": [
		{
			"name": "golden_carrot",
			"origin": [7.5, 15, 7.5],
			"color": 0,
			"children": [
				{
					"name": "leafs",
					"origin": [7.5, 15, 7.5],
					"color": 0,
					"children": [0, 1]
				},
				{
					"name": "tap_root",
					"origin": [7, 0, 7],
					"color": 0,
					"children": [2, 3, 4]
				}
			]
		}
	]
}