{
	"format_version": "1.21.6",
	"credit": "Made with Blockbench",
	"textures": {
		"0": "item/bowl_3d",
		"1": "item/mushroom_stew_3d",
		"2": "item/mushroom_stew_mushrooms_3d",
		"particle": "item/food_particles/mushroom_stew"
	},
	"elements": [
		{
			"name": "bottom",
			"from": [5, 0, 5],
			"to": [11, 1, 11],
			"rotation": {"angle": 0, "axis": "y", "origin": [8, 1.57664, 8]},
			"faces": {
				"north": {"uv": [8, 4.5, 11, 5], "texture": "#0"},
				"east": {"uv": [0.5, 8, 3.5, 8.5], "texture": "#0"},
				"south": {"uv": [3.5, 8, 6.5, 8.5], "texture": "#0"},
				"west": {"uv": [8, 4, 11, 4.5], "texture": "#0"},
				"up": {"uv": [3, 3, 0, 0], "rotation": 90, "texture": "#0"},
				"down": {"uv": [3, 3, 0, 6], "rotation": 270, "texture": "#0"}
			}
		},
		{
			"name": "side1",
			"from": [11, 0, 5],
			"to": [12, 3, 12],
			"rotation": {"angle": 0, "axis": "y", "origin": [8, 1.57664, 8]},
			"faces": {
				"east": {"uv": [6.5, 1.5, 10, 3], "texture": "#0"},
				"south": {"uv": [8, 8, 8.5, 9.5], "texture": "#0"},
				"west": {"uv": [3, 1.5, 6.5, 3], "texture": "#0"},
				"up": {"uv": [10, 3.5, 6.5, 3], "rotation": 90, "texture": "#0"},
				"down": {"uv": [10, 3.5, 6.5, 4], "rotation": 270, "texture": "#0"}
			}
		},
		{
			"name": "side2",
			"from": [4, 0, 11],
			"to": [11, 3, 12],
			"rotation": {"angle": 0, "axis": "y", "origin": [8, 1.57664, 8]},
			"faces": {
				"north": {"uv": [3, 4.5, 6.5, 6], "texture": "#0"},
				"south": {"uv": [6.5, 1.5, 10, 3], "texture": "#0"},
				"west": {"uv": [8, 8, 8.5, 9.5], "texture": "#0"},
				"up": {"uv": [7.5, 7.5, 7, 4], "rotation": 90, "texture": "#0"},
				"down": {"uv": [0.5, 7.5, 0, 11], "rotation": 270, "texture": "#0"}
			}
		},
		{
			"name": "side3",
			"from": [4, 0, 4],
			"to": [5, 3, 11],
			"rotation": {"angle": 0, "axis": "y", "origin": [8, 1.57664, 8]},
			"faces": {
				"north": {"uv": [8, 8, 8.5, 9.5], "texture": "#0"},
				"east": {"uv": [0, 6, 3.5, 7.5], "texture": "#0"},
				"west": {"uv": [6.5, 1.5, 10, 3], "texture": "#0"},
				"up": {"uv": [4, 8, 0.5, 7.5], "rotation": 90, "texture": "#0"},
				"down": {"uv": [7.5, 7.5, 4, 8], "rotation": 270, "texture": "#0"}
			}
		},
		{
			"name": "side4",
			"from": [5, 0, 4],
			"to": [12, 3, 5],
			"rotation": {"angle": 0, "axis": "y", "origin": [8, 1.57664, 8]},
			"faces": {
				"north": {"uv": [6.5, 1.5, 10, 3], "texture": "#0"},
				"east": {"uv": [8, 8, 8.5, 9.5], "texture": "#0"},
				"south": {"uv": [6.5, 0, 10, 1.5], "texture": "#0"},
				"up": {"uv": [8, 7.5, 7.5, 4], "rotation": 90, "texture": "#0"},
				"down": {"uv": [8, 7.5, 7.5, 11], "rotation": 270, "texture": "#0"}
			}
		},
		{
			"name": "soup",
			"from": [6, 0.5, 5],
			"to": [12, 2.5, 11],
			"rotation": {"angle": 0, "axis": "z", "origin": [8, 1.57664, 8]},
			"faces": {
				"west": {"uv": [0, 4, 6, 6], "texture": "#1"},
				"up": {"uv": [6, 6, 0, 0], "rotation": 90, "texture": "#1"}
			}
		},
		{
			"name": "mushroom1",
			"from": [5.83799, 1.96777, 7],
			"to": [8.83799, 2.96777, 10],
			"rotation": {"angle": -22.5, "axis": "z", "origin": [8, 1.57664, 8]},
			"faces": {
				"north": {"uv": [3, 1, 6, 2], "texture": "#2"},
				"south": {"uv": [0, 3, 3, 4], "texture": "#2"},
				"west": {"uv": [3, 0, 6, 1], "texture": "#2"},
				"up": {"uv": [3, 3, 0, 0], "rotation": 90, "texture": "#2"}
			}
		},
		{
			"name": "mushroom2",
			"from": [10.38472, 2.001, 7.07189],
			"to": [11.38272, 2.999, 8.06989],
			"rotation": {"angle": 22.5, "axis": "y", "origin": [8, 1.57664, 8]},
			"faces": {
				"north": {"uv": [1, 4, 2, 5], "texture": "#2"},
				"east": {"uv": [3, 2, 4, 3], "texture": "#2"},
				"south": {"uv": [2, 4, 3, 5], "texture": "#2"},
				"west": {"uv": [0, 4, 1, 5], "texture": "#2"},
				"up": {"uv": [4, 4, 3, 3], "rotation": 90, "texture": "#2"}
			}
		}
	],
	"display": {
		"thirdperson_righthand": {
			"rotation": [70, -135, 0],
			"translation": [0, 3.25, 2.25],
			"scale": [0.5, 0.5, 0.5]
		},
		"thirdperson_lefthand": {
			"rotation": [70, 45, 0],
			"translation": [0, 3.25, 2.25],
			"scale": [0.5, 0.5, 0.5]
		},
		"firstperson_righthand": {
			"rotation": [-35, -168, 0],
			"translation": [1.5, 6.5, -0.25],
			"scale": [0.75, 0.75, 0.75]
		},
		"firstperson_lefthand": {
			"rotation": [-9, 5, -20],
			"translation": [1, 7, 1],
			"scale": [0.75, 0.75, 0.75]
		},
		"ground": {
			"translation": [0, 4.75, 0],
			"scale": [0.65, 0.65, 0.65]
		},
		"gui": {
			"rotation": [30, 135, 0],
			"translation": [0, 6.25, 0],
			"scale": [1.15, 1.15, 1.15]
		},
		"head": {
			"translation": [0, 14.4, 0]
		},
		"fixed": {
			"rotation": [-90, 90, 0],
			"translation": [0, 0, -11],
			"scale": [1.5, 1.5, 1.5]
		}
	},
	"groups": [
		{
			"name": "mushroom_stew",
			"origin": [11, 0, 5],
			"color": 0,
			"children": [
				{
					"name": "bowl",
					"origin": [11, 0, 5],
					"color": 0,
					"children": [0, 1, 2, 3, 4]
				},
				{
					"name": "mushroom_stew_content",
					"origin": [10, 2, 0],
					"color": 0,
					"children": [
						5,
						{
							"name": "mushrooms",
							"origin": [6.5, 2.5, 6.5],
							"color": 0,
							"children": [6, 7]
						}
					]
				}
			]
		}
	]
}