{
	"format_version": "1.21.6",
	"credit": "Made with Blockbench",
	"texture_size": [32, 32],
	"textures": {
		"1": "item/eatinganimation/poisonous_potato/poisonous_potato_eat_1",
		"particle": "item/poisonous_potato"
	},
	"elements": [
		{
			"name": "potato",
			"from": [6, 0, 4],
			"to": [11, 5, 11],
			"rotation": {"angle": 0, "axis": "y", "origin": [-1, 0, -3]},
			"faces": {
				"north": {"uv": [0, 5, 2.5, 7.5], "texture": "#1"},
				"east": {"uv": [1, 0, 4.5, 2.5], "texture": "#1"},
				"south": {"uv": [7, 0, 9.5, 2.5], "texture": "#1"},
				"west": {"uv": [0, 2.5, 3.5, 5], "texture": "#1"},
				"up": {"uv": [7, 4.5, 4.5, 1], "texture": "#1"},
				"down": {"uv": [7, 5.5, 4.5, 9], "texture": "#1"}
			}
		},
		{
			"name": "potato",
			"from": [10.999, -0.001, 1.999],
			"to": [11.001, 8.001, 10.999],
			"rotation": {"angle": 0, "axis": "y", "origin": [4, 0, -3]},
			"faces": {
				"east": {"uv": [2.00069, 12, 6.5, 16], "texture": "#1"},
				"west": {"uv": [6.5, 12, 2.00069, 16], "texture": "#1"}
			}
		},
		{
			"name": "potato",
			"from": [5.999, -0.001, 1.999],
			"to": [6.001, 8.001, 10.999],
			"rotation": {"angle": 0, "axis": "y", "origin": [-1, 0, -3]},
			"faces": {
				"east": {"uv": [10.99931, 12, 6.5, 16], "texture": "#1"},
				"west": {"uv": [6.5, 12, 10.99931, 16], "texture": "#1"}
			}
		}
	],
	"display": {
		"thirdperson_righthand": {
			"rotation": [-45, 0, 0],
			"translation": [-0.25, 2.5, -2.25],
			"scale": [0.5, 0.5, 0.5]
		},
		"thirdperson_lefthand": {
			"rotation": [-45, 0, 0],
			"translation": [0.5, 2.5, -2.25],
			"scale": [0.5, 0.5, 0.5]
		},
		"firstperson_righthand": {
			"rotation": [8, 160, 0],
			"translation": [1.5, 5, 0.5],
			"scale": [0.5, 0.5, 0.5]
		},
		"firstperson_lefthand": {
			"rotation": [-16, -85, -8],
			"translation": [-2, 10, 0.75],
			"scale": [0.5, 0.5, 0.5]
		},
		"ground": {
			"translation": [0, 3.5, 0],
			"scale": [0.5, 0.5, 0.5]
		},
		"gui": {
			"rotation": [30, -45, 0],
			"translation": [-0.25, 4.75, 0],
			"scale": [1.2, 1.2, 1.2]
		},
		"head": {
			"translation": [-0.5, 14.5, -0.5]
		},
		"fixed": {
			"rotation": [0, 90, 0],
			"translation": [-1, 7.75, 1.75],
			"scale": [1.5, 1.5, 1.5]
		}
	},
	"groups": [
		{
			"name": "poisonous_potato",
			"origin": [10, 3, 11],
			"color": 0,
			"children": [
				{
					"name": "potato",
					"origin": [-1, 0, -3],
					"color": 0,
					"children": [0]
				}
			]
		},
		1,
		2
	]
}