{
	"format_version": "1.21.6",
	"credit": "Made with Blockbench",
	"texture_size": [32, 32],
	"textures": {
		"1": "item/eatinganimation/baked_potato/baked_potato_eat_1",
		"particle": "item/baked_potato"
	},
	"elements": [
		{
			"name": "baked_potato1",
			"from": [5.999, -0.001, 3.999],
			"to": [11.001, 4.001, 9.001],
			"rotation": {"angle": 0, "axis": "y", "origin": [-1, 0, -3]},
			"faces": {
				"north": {"uv": [5, 0, 7.5, 2], "texture": "#1"},
				"east": {"uv": [2, 4.5, 4.5, 6.5], "texture": "#1"},
				"south": {"uv": [5, 2, 7.5, 4], "texture": "#1"},
				"west": {"uv": [4.5, 4.5, 7, 6.5], "texture": "#1"},
				"up": {"uv": [2.5, 4.5, 0, 2], "texture": "#1"},
				"down": {"uv": [5, 2, 2.5, 4.5], "texture": "#1"}
			}
		},
		{
			"name": "baked_potato2",
			"from": [9.39, 3.06, 4],
			"to": [11.39, 4.06, 9],
			"rotation": {"angle": -22.5, "axis": "z", "origin": [11, 4, 8]},
			"faces": {
				"north": {"uv": [5, 8, 6, 8.5], "texture": "#1"},
				"east": {"uv": [7.00554, 4, 9.5, 4.5], "texture": "#1"},
				"south": {"uv": [6, 8, 7, 8.5], "texture": "#1"},
				"west": {"uv": [2, 6.5, 4.49446, 7], "texture": "#1"},
				"up": {"uv": [0, 11, 1, 8.50554], "texture": "#1"}
			}
		},
		{
			"name": "baked_potato3",
			"from": [5.59, 3.06, 4],
			"to": [7.59, 4.06, 9],
			"rotation": {"angle": 22.5, "axis": "z", "origin": [6, 4, 8]},
			"faces": {
				"north": {"uv": [7, 8, 8, 8.5], "texture": "#1"},
				"east": {"uv": [9.50554, 3.5, 12, 4], "texture": "#1"},
				"south": {"uv": [8, 8, 9, 8.5], "texture": "#1"},
				"west": {"uv": [7, 7.5, 9.49446, 8], "texture": "#1"},
				"up": {"uv": [2, 11, 1, 8.50554], "texture": "#1"}
			}
		},
		{
			"from": [7.5, 2.5, 4.5],
			"to": [9.5, 4.5, 8.5],
			"rotation": {"angle": 0, "axis": "y", "origin": [7, 3, 10]},
			"faces": {
				"north": {"uv": [3, 8, 4, 9], "texture": "#1"},
				"east": {"uv": [3.75, 6.5, 5.5, 7.5], "texture": "#1"},
				"south": {"uv": [4, 8, 5, 9], "texture": "#1"},
				"west": {"uv": [5.5, 6.5, 7.25, 7.5], "texture": "#1"},
				"up": {"uv": [12.5, 7.5, 11.5, 5.75], "texture": "#1"},
				"down": {"uv": [3, 9.25, 2, 11], "texture": "#1"}
			}
		}
	],
	"display": {
		"thirdperson_righthand": {
			"rotation": [-45, 0, 0],
			"translation": [-0.25, 2.5, -2.25],
			"scale": [0.5, 0.5, 0.5]
		},
		"thirdperson_lefthand": {
			"rotation": [-45, 0, 0],
			"translation": [0.5, 2.5, -2.25],
			"scale": [0.5, 0.5, 0.5]
		},
		"firstperson_righthand": {
			"rotation": [8, 148, 0],
			"translation": [1.5, 5, 0.5],
			"scale": [0.5, 0.5, 0.5]
		},
		"firstperson_lefthand": {
			"rotation": [-16, -85, -8],
			"translation": [-3.5, 10, 0.75],
			"scale": [0.5, 0.5, 0.5]
		},
		"ground": {
			"translation": [0, 3.5, 0],
			"scale": [0.5, 0.5, 0.5]
		},
		"gui": {
			"rotation": [30, -45, 0],
			"translation": [0, 6, 0],
			"scale": [1.25, 1.25, 1.25]
		},
		"head": {
			"translation": [-0.5, 14.5, -0.5]
		},
		"fixed": {
			"rotation": [0, 90, 0],
			"translation": [-1, 7.75, 1.5],
			"scale": [1.5, 1.5, 1.5]
		}
	},
	"groups": [
		{
			"name": "baked_potato",
			"origin": [6, 5, 8],
			"color": 0,
			"children": [0, 1, 2]
		},
		3
	]
}